intermediate_graph_degree,graph_degree,itopk_size,search_width,max_search_iterations,total_vectors,total_queries,build_time_seconds,best_batch_size,p99_latency_ms,queries_per_second,recall,used_filter,initial_gpu_memory_percent_used,post_build_gpu_memory_percent_used,memory_increase_build_gb,rating_filter
32,32,32,1,0,5000000,10000,24.097069025039673,10,0.0005820465087890622,16764.84444732014,0.72969,True,0.9290613875141096,3.586003299470348,2.6569419119562383,<1.0
32,32,32,2,0,5000000,10000,24.14658260345459,10,0.0005846023559570312,16739.261234545975,0.73135,True,0.9334027958669793,3.590344707823218,2.6569419119562383,<1.0
32,32,32,4,0,5000000,10000,24.121432065963745,10,0.0005993843078613281,16587.50056136376,0.81779,True,0.9334027958669793,3.590344707823218,2.6569419119562383,<1.0
32,32,32,8,0,5000000,10000,24.127184867858887,10,0.0006210803985595703,16137.16545655517,0.87171,True,0.9334027958669793,3.590344707823218,2.6569419119562383,<1.0
32,32,32,16,0,5000000,10000,24.18853235244751,10,0.0007185840606689451,15436.037418820426,0.90335,True,0.9334027958669793,3.590344707823218,2.6569419119562383,<1.0
32,32,32,32,0,5000000,10000,24.146693229675293,10,0.0007899022102355962,14822.361673277945,0.91808,True,0.9334027958669793,3.590344707823218,2.6569419119562383,<1.0
32,32,32,64,0,5000000,10000,24.147422075271606,10,0.0011235046386718732,11170.612287577158,0.92481,True,0.9334027958669793,3.590344707823218,2.6569419119562383,<1.0
32,32,64,1,0,5000000,10000,24.113015174865723,10,0.0006115436553955078,16368.710544324802,0.78658,True,0.9334027958669793,3.590344707823218,2.6569419119562383,<1.0
32,32,64,2,0,5000000,10000,24.10649609565735,10,0.0006000995635986328,16601.399073085428,0.78501,True,0.9334027958669793,3.590344707823218,2.6569419119562383,<1.0
32,32,64,4,0,5000000,10000,24.096781969070435,10,0.0005962848663330078,16726.721399372476,0.81729,True,0.9334027958669793,3.590344707823218,2.6569419119562383,<1.0
32,32,64,8,0,5000000,10000,24.13429570198059,10,0.000619463920593262,16265.142082592261,0.87239,True,0.9334027958669793,3.590344707823218,2.6569419119562383,<1.0
32,32,64,16,0,5000000,10000,24.155977725982666,10,0.0007135868072509766,15306.549461793082,0.90283,True,0.9334027958669793,3.590344707823218,2.6569419119562383,<1.0
32,32,64,32,0,5000000,10000,24.122727632522583,10,0.0008037781715393064,14684.886621373122,0.91764,True,0.9334027958669793,3.590344707823218,2.6569419119562383,<1.0
32,32,64,64,0,5000000,10000,24.148385047912598,10,0.001155419349670411,11212.926706370876,0.92426,True,0.9334027958669793,3.590344707823218,2.6569419119562383,<1.0
32,32,128,1,0,5000000,10000,24.160443782806396,10,0.0006002473831176755,16520.44083924043,0.83771,True,0.9334027958669793,3.590344707823218,2.6569419119562383,<1.0
32,32,128,2,0,5000000,10000,24.221744298934937,10,0.0006063556671142582,16362.536379666464,0.83834,True,0.9334027958669793,3.590344707823218,2.6569419119562383,<1.0
32,32,128,4,0,5000000,10000,24.14677333831787,10,0.0006041741371154786,16441.17006072836,0.83714,True,0.9334027958669793,3.590344707823218,2.6569419119562383,<1.0
32,32,128,8,0,5000000,10000,24.14323091506958,10,0.0006220340728759766,16135.242391660506,0.87192,True,0.9334027958669793,3.590344707823218,2.6569419119562383,<1.0
32,32,128,16,0,5000000,10000,24.17528796195984,10,0.0007183551788330078,15289.112029144373,0.90247,True,0.9334027958669793,3.590344707823218,2.6569419119562383,<1.0
32,32,128,32,0,5000000,10000,24.14849829673767,10,0.0007762217521667478,14851.945161175398,0.91852,True,0.9334027958669793,3.590344707823218,2.6569419119562383,<1.0
32,32,128,64,0,5000000,10000,24.109172105789185,10,0.0011200928688049304,11062.12067878899,0.92415,True,0.9334027958669793,3.590344707823218,2.6569419119562383,<1.0
32,32,256,1,0,5000000,10000,24.21342897415161,10,0.0006306695938110354,15939.154222345043,0.87803,True,0.9334027958669793,3.590344707823218,2.6569419119562383,<1.0
32,32,256,2,0,5000000,10000,24.191482305526733,10,0.0006346702575683594,15983.372863741595,0.87927,True,0.9334027958669793,3.590344707823218,2.6569419119562383,<1.0
32,32,256,4,0,5000000,10000,24.129000902175903,10,0.0006347203254699705,15945.661992960928,0.87964,True,0.9334027958669793,3.590344707823218,2.6569419119562383,<1.0
32,32,256,8,0,5000000,10000,24.134043216705322,10,0.0006286311149597164,16068.619953786285,0.87969,True,0.9334027958669793,3.590344707823218,2.6569419119562383,<1.0
32,32,256,16,0,5000000,10000,24.107515335083008,10,0.0007136631011962881,15360.103055477064,0.90239,True,0.9334027958669793,3.590344707823218,2.6569419119562383,<1.0
32,32,256,32,0,5000000,10000,24.23229694366455,10,0.0007946133613586427,14828.159332522628,0.91801,True,0.9334027958669793,3.590344707823218,2.6569419119562383,<1.0
32,32,256,64,0,5000000,10000,24.244523525238037,10,0.0011333441734313965,11181.951137867683,0.92458,True,0.9334027958669793,3.590344707823218,2.6569419119562383,<1.0
32,32,512,1,0,5000000,10000,24.129307508468628,10,0.0007584095001220703,14937.545480747498,0.90683,True,0.9334027958669793,3.590344707823218,2.6569419119562383,<1.0
32,32,512,2,0,5000000,10000,24.137805700302124,10,0.0007750988006591797,14918.789990616708,0.90671,True,0.9334027958669793,3.590344707823218,2.6569419119562383,<1.0
32,32,512,4,0,5000000,10000,24.16704511642456,10,0.0007452964782714844,15029.938232343566,0.90651,True,0.9334027958669793,3.590344707823218,2.6569419119562383,<1.0
32,32,512,8,0,5000000,10000,24.17051339149475,10,0.00077056884765625,14873.552505016933,0.90635,True,0.9334027958669793,3.590344707823218,2.6569419119562383,<1.0
32,32,512,16,0,5000000,10000,24.11731481552124,10,0.0007464885711669922,14946.497086064577,0.90708,True,0.9334027958669793,3.590344707823218,2.6569419119562383,<1.0
32,32,512,32,0,5000000,10000,24.114827156066895,10,0.0007944178581237795,14867.346186829265,0.91824,True,0.9334027958669793,3.590344707823218,2.6569419119562383,<1.0
32,32,512,64,0,5000000,10000,24.116995573043823,10,0.0011486411094665527,11061.633940548256,0.92476,True,0.9334027958669793,3.590344707823218,2.6569419119562383,<1.0
64,32,32,1,0,5000000,10000,26.974820137023926,10,0.0005829334259033203,16922.42008771221,0.73405,True,0.9334027958669793,3.590344707823218,2.6569419119562383,<1.0
64,32,32,2,0,5000000,10000,27.010403871536255,10,0.0005826950073242188,16767.256493686724,0.73097,True,0.9334027958669793,3.590344707823218,2.6569419119562383,<1.0
64,32,32,4,0,5000000,10000,26.963168382644653,10,0.0005943775177001953,16517.324864020076,0.82546,True,0.9334027958669793,3.590344707823218,2.6569419119562383,<1.0
64,32,32,8,0,5000000,10000,26.96471905708313,10,0.0006191372871398922,16131.628514960394,0.88056,True,0.9334027958669793,3.590344707823218,2.6569419119562383,<1.0
64,32,32,16,0,5000000,10000,26.97067928314209,10,0.0007252693176269531,15166.66642401492,0.90775,True,0.9334027958669793,3.590344707823218,2.6569419119562383,<1.0
64,32,32,32,0,5000000,10000,27.040141820907593,10,0.0007878303527832035,14844.224970200605,0.92127,True,0.9334027958669793,3.590344707823218,2.6569419119562383,<1.0
64,32,32,64,0,5000000,10000,26.987383365631104,10,0.00116811752319336,11156.42953248424,0.92649,True,0.9334027958669793,3.590344707823218,2.6569419119562383,<1.0
64,32,64,1,0,5000000,10000,27.020753145217896,10,0.0005962848663330078,16689.44577172048,0.79221,True,0.9334027958669793,3.590344707823218,2.6569419119562383,<1.0
64,32,64,2,0,5000000,10000,26.983728647232056,10,0.0006057834625244141,16554.578359233798,0.79325,True,0.9334027958669793,3.590344707823218,2.6569419119562383,<1.0
64,32,64,4,0,5000000,10000,26.924766063690186,10,0.000591278076171875,16568.72970366241,0.82519,True,0.9334027958669793,3.590344707823218,2.6569419119562383,<1.0
64,32,64,8,0,5000000,10000,26.951156854629517,10,0.0006223344802856441,16183.095881807867,0.87991,True,0.9334027958669793,3.590344707823218,2.6569419119562383,<1.0
64,32,64,16,0,5000000,10000,26.966073751449585,10,0.0007490110397338863,15192.880991467806,0.90893,True,0.9334027958669793,3.590344707823218,2.6569419119562383,<1.0
64,32,64,32,0,5000000,10000,27.008578300476074,10,0.0007738757133483884,14936.883481978295,0.92127,True,0.9334027958669793,3.590344707823218,2.6569419119562383,<1.0
64,32,64,64,0,5000000,10000,26.918018102645874,10,0.0011322021484375007,11115.293432235861,0.92645,True,0.9334027958669793,3.590344707823218,2.6569419119562383,<1.0
64,32,128,1,0,5000000,10000,26.964250564575195,10,0.0005997157096862792,16506.226230930595,0.84686,True,0.9334027958669793,3.590344707823218,2.6569419119562383,<1.0
64,32,128,2,0,5000000,10000,26.974565744400024,10,0.0006074905395507812,16369.667236642963,0.84607,True,0.9334027958669793,3.590344707823218,2.6569419119562383,<1.0
64,32,128,4,0,5000000,10000,26.963890075683594,10,0.0005929470062255859,16534.79105193774,0.84466,True,0.9334027958669793,3.590344707823218,2.6569419119562383,<1.0
64,32,128,8,0,5000000,10000,26.946446180343628,10,0.0006110239028930663,16234.05254496748,0.88011,True,0.9334027958669793,3.590344707823218,2.6569419119562383,<1.0
64,32,128,16,0,5000000,10000,26.956188678741455,10,0.0007193446159362796,15143.864780256492,0.90943,True,0.9334027958669793,3.590344707823218,2.6569419119562383,<1.0
64,32,128,32,0,5000000,10000,27.016340970993042,10,0.0007791519165039062,14789.456320870177,0.92155,True,0.9334027958669793,3.590344707823218,2.6569419119562383,<1.0
64,32,128,64,0,5000000,10000,26.96435546875,10,0.0011524391174316416,11102.104740369597,0.92641,True,0.9334027958669793,3.590344707823218,2.6569419119562383,<1.0
64,32,256,1,0,5000000,10000,27.051522493362427,10,0.0006318092346191406,16016.65961769347,0.88648,True,0.9334027958669793,3.590344707823218,2.6569419119562383,<1.0
64,32,256,2,0,5000000,10000,26.962374448776245,10,0.0006389617919921875,15750.794312488693,0.88634,True,0.9334027958669793,3.590344707823218,2.6569419119562383,<1.0
64,32,256,4,0,5000000,10000,26.95045018196106,10,0.0006275177001953125,16181.26494718168,0.88624,True,0.9334027958669793,3.590344707823218,2.6569419119562383,<1.0
64,32,256,8,0,5000000,10000,27.006196975708008,10,0.0006358623504638672,16033.468489761848,0.88642,True,0.9334027958669793,3.590344707823218,2.6569419119562383,<1.0
64,32,256,16,0,5000000,10000,26.95521831512451,10,0.0007381439208984375,15064.743619773324,0.90899,True,0.9334027958669793,3.590344707823218,2.6569419119562383,<1.0
64,32,256,32,0,5000000,10000,26.94291043281555,10,0.0007754278182983397,14800.093504560482,0.92106,True,0.9334027958669793,3.590344707823218,2.6569419119562383,<1.0
64,32,256,64,0,5000000,10000,26.971208810806274,10,0.0011219620704650897,11155.415922898592,0.92695,True,0.9334027958669793,3.590344707823218,2.6569419119562383,<1.0
64,32,512,1,0,5000000,10000,26.963680267333984,10,0.0007541179656982422,14783.713481215986,0.91095,True,0.9334027958669793,3.590344707823218,2.6569419119562383,<1.0
64,32,512,2,0,5000000,10000,26.930723428726196,10,0.0007809925079345702,14848.330806102349,0.9116,True,0.9334027958669793,3.590344707823218,2.6569419119562383,<1.0
64,32,512,4,0,5000000,10000,26.937165021896362,10,0.0007742691040039055,14807.37478657597,0.91212,True,0.9334027958669793,3.590344707823218,2.6569419119562383,<1.0
64,32,512,8,0,5000000,10000,26.97237467765808,10,0.0007489156723022462,15002.239643411818,0.91165,True,0.9334027958669793,3.590344707823218,2.6569419119562383,<1.0
64,32,512,16,0,5000000,10000,26.98935866355896,10,0.0007813334465026855,14693.294046754405,0.91147,True,0.9334027958669793,3.590344707823218,2.6569419119562383,<1.0
64,32,512,32,0,5000000,10000,26.990068674087524,10,0.0007707762718200681,14744.430614515644,0.92205,True,0.9334027958669793,3.590344707823218,2.6569419119562383,<1.0
64,32,512,64,0,5000000,10000,26.987296104431152,10,0.0011621093749999995,11071.979762032654,0.92679,True,0.9334027958669793,3.590344707823218,2.6569419119562383,<1.0
64,64,32,1,0,5000000,10000,28.503993272781372,10,0.000598165988922119,16653.162890524884,0.83111,True,0.9334027958669793,4.914474255448467,3.9810714595814876,<1.0
64,64,32,2,0,5000000,10000,28.540023803710938,10,0.0005996227264404297,16594.949915512385,0.83122,True,0.9334027958669793,4.914474255448467,3.9810714595814876,<1.0
64,64,32,4,0,5000000,10000,28.5372633934021,10,0.0006182193756103516,16225.988948468686,0.88208,True,0.9334027958669793,4.914474255448467,3.9810714595814876,<1.0
64,64,32,8,0,5000000,10000,28.512181520462036,10,0.0006753611564636226,15653.9622960413,0.90944,True,0.9334027958669793,4.914474255448467,3.9810714595814876,<1.0
64,64,32,16,0,5000000,10000,28.500635385513306,10,0.0007996559143066406,14562.495256440769,0.92216,True,0.9334027958669793,4.914474255448467,3.9810714595814876,<1.0
64,64,32,32,0,5000000,10000,28.489988803863525,10,0.0008764624595642093,13768.46107722203,0.92593,True,0.9334027958669793,4.914474255448467,3.9810714595814876,<1.0
64,64,32,64,0,5000000,10000,28.505794048309326,10,0.001383233070373534,10270.473671986421,0.92751,True,0.9334027958669793,4.914474255448467,3.9810714595814876,<1.0
64,64,64,1,0,5000000,10000,28.52829623222351,10,0.0006277513504028328,16333.714265511106,0.86433,True,0.9334027958669793,4.914474255448467,3.9810714595814876,<1.0
64,64,64,2,0,5000000,10000,28.50748920440674,10,0.000629425048828125,16387.104918921363,0.86401,True,0.9334027958669793,4.914474255448467,3.9810714595814876,<1.0
64,64,64,4,0,5000000,10000,28.45612335205078,10,0.0006199574470520022,16258.730203890214,0.88214,True,0.9334027958669793,4.914474255448467,3.9810714595814876,<1.0
64,64,64,8,0,5000000,10000,28.50679039955139,10,0.0006654500961303707,15704.490316393962,0.90942,True,0.9334027958669793,4.914474255448467,3.9810714595814876,<1.0
64,64,64,16,0,5000000,10000,28.509918212890625,10,0.0008139538764953612,14573.561624593242,0.92218,True,0.9334027958669793,4.914474255448467,3.9810714595814876,<1.0
64,64,64,32,0,5000000,10000,28.545024394989014,10,0.000892465114593506,13521.222893489617,0.92672,True,0.9334027958669793,4.914474255448467,3.9810714595814876,<1.0
64,64,64,64,0,5000000,10000,28.54997420310974,10,0.001401965618133545,10352.567066005842,0.92769,True,0.9334027958669793,4.914474255448467,3.9810714595814876,<1.0
64,64,128,1,0,5000000,10000,28.466569185256958,10,0.000716214179992675,15951.962746942825,0.89395,True,0.9334027958669793,4.914474255448467,3.9810714595814876,<1.0
64,64,128,2,0,5000000,10000,28.492514848709106,10,0.0006961464881896969,15889.087105940502,0.89336,True,0.9334027958669793,4.914474255448467,3.9810714595814876,<1.0
64,64,128,4,0,5000000,10000,28.466171741485596,10,0.0007144141197204593,16128.568933022712,0.89342,True,0.9334027958669793,4.914474255448467,3.9810714595814876,<1.0
64,64,128,8,0,5000000,10000,28.533187866210938,10,0.0006630516052246096,15721.259844813065,0.90939,True,0.9334027958669793,4.914474255448467,3.9810714595814876,<1.0
64,64,128,16,0,5000000,10000,28.550612926483154,10,0.000826418399810791,14674.187022783808,0.9223,True,0.9334027958669793,4.914474255448467,3.9810714595814876,<1.0
64,64,128,32,0,5000000,10000,28.548802375793457,10,0.0008788728713989258,13801.146779053444,0.92668,True,0.9334027958669793,4.914474255448467,3.9810714595814876,<1.0
64,64,128,64,0,5000000,10000,28.47141695022583,10,0.0013400650024413992,10408.169744029503,0.92781,True,0.9334027958669793,4.914474255448467,3.9810714595814876,<1.0
64,64,256,1,0,5000000,10000,28.48195719718933,10,0.0006871223449707031,15400.896731581111,0.91321,True,0.9334027958669793,4.914474255448467,3.9810714595814876,<1.0
64,64,256,2,0,5000000,10000,28.544297695159912,10,0.0006739950180053708,15586.972092297892,0.91242,True,0.9334027958669793,4.914474255448467,3.9810714595814876,<1.0
64,64,256,4,0,5000000,10000,28.513291597366333,10,0.0006754398345947266,15535.734016015713,0.91287,True,0.9334027958669793,4.914474255448467,3.9810714595814876,<1.0
64,64,256,8,0,5000000,10000,28.4881272315979,10,0.0006928443908691406,15590.227344535899,0.913,True,0.9334027958669793,4.914474255448467,3.9810714595814876,<1.0
64,64,256,16,0,5000000,10000,28.495472192764282,10,0.0008107662200927731,14603.703686800229,0.92191,True,0.9334027958669793,4.914474255448467,3.9810714595814876,<1.0
64,64,256,32,0,5000000,10000,28.527525901794434,10,0.0008951783180236811,13793.20294542348,0.92628,True,0.9334027958669793,4.914474255448467,3.9810714595814876,<1.0
64,64,256,64,0,5000000,10000,28.562072277069092,10,0.0012825012207031195,10295.155405084806,0.92789,True,0.9334027958669793,4.914474255448467,3.9810714595814876,<1.0
64,64,512,1,0,5000000,10000,28.552757024765015,10,0.0008370590209960931,14230.028033228184,0.92231,True,0.9334027958669793,4.914474255448467,3.9810714595814876,<1.0
64,64,512,2,0,5000000,10000,28.520008087158203,10,0.000832092761993408,14233.578119743817,0.92294,True,0.9334027958669793,4.914474255448467,3.9810714595814876,<1.0
64,64,512,4,0,5000000,10000,28.456051349639893,10,0.0008373260498046875,14261.960431793446,0.92297,True,0.9334027958669793,4.914474255448467,3.9810714595814876,<1.0
64,64,512,8,0,5000000,10000,28.443620204925537,10,0.0008528351783752448,14288.747331624856,0.92342,True,0.9334027958669793,4.914474255448467,3.9810714595814876,<1.0
64,64,512,16,0,5000000,10000,28.48565101623535,10,0.0008222246170043945,14374.716907076705,0.92316,True,0.9334027958669793,4.914474255448467,3.9810714595814876,<1.0
64,64,512,32,0,5000000,10000,28.531157732009888,10,0.0008780956268310547,13782.296304560534,0.9268,True,0.9334027958669793,4.914474255448467,3.9810714595814876,<1.0
64,64,512,64,0,5000000,10000,28.54024577140808,10,0.001364040374755869,10219.305164909721,0.92754,True,0.9334027958669793,4.914474255448467,3.9810714595814876,<1.0
96,32,32,1,0,5000000,10000,28.965004920959473,10,0.0005774497985839844,16851.734060821545,0.73098,True,0.9334027958669793,3.590344707823218,2.6569419119562383,<1.0
96,32,32,2,0,5000000,10000,28.919788122177124,10,0.000585536956787109,16787.959791767535,0.73108,True,0.9334027958669793,3.590344707823218,2.6569419119562383,<1.0
96,32,32,4,0,5000000,10000,28.90391492843628,10,0.0005880594253540039,16582.501744294157,0.82054,True,0.9334027958669793,3.590344707823218,2.6569419119562383,<1.0
96,32,32,8,0,5000000,10000,28.9183669090271,10,0.0006160736083984375,16076.703970210368,0.87477,True,0.9334027958669793,3.590344707823218,2.6569419119562383,<1.0
96,32,32,16,0,5000000,10000,28.854137659072876,10,0.0006891083717346187,15470.667547715793,0.90293,True,0.9334027958669793,3.590344707823218,2.6569419119562383,<1.0
96,32,32,32,0,5000000,10000,28.93438744544983,10,0.0007690620422363282,14931.15677143625,0.91729,True,0.9334027958669793,3.590344707823218,2.6569419119562383,<1.0
96,32,32,64,0,5000000,10000,28.989929914474487,10,0.0014594960212707519,11191.195086739841,0.92281,True,0.9334027958669793,3.590344707823218,2.6569419119562383,<1.0
96,32,64,1,0,5000000,10000,28.8646821975708,10,0.0005900859832763672,16691.05894299302,0.78863,True,0.9334027958669793,3.590344707823218,2.6569419119562383,<1.0
96,32,64,2,0,5000000,10000,28.955005884170532,10,0.0005808997154235843,16776.776389819912,0.79044,True,0.9334027958669793,3.590344707823218,2.6569419119562383,<1.0
96,32,64,4,0,5000000,10000,28.932098865509033,10,0.0005946159362792969,16604.033630107402,0.82097,True,0.9334027958669793,3.590344707823218,2.6569419119562383,<1.0
96,32,64,8,0,5000000,10000,29.04873776435852,10,0.0006135249137878421,16281.601876411394,0.87523,True,0.9334027958669793,3.590344707823218,2.6569419119562383,<1.0
96,32,64,16,0,5000000,10000,29.010826349258423,10,0.0007055115699768069,15369.308122861823,0.90302,True,0.9334027958669793,3.590344707823218,2.6569419119562383,<1.0
96,32,64,32,0,5000000,10000,28.864837169647217,10,0.0007719993591308594,15006.86179421121,0.91681,True,0.9334027958669793,3.590344707823218,2.6569419119562383,<1.0
96,32,64,64,0,5000000,10000,28.89270043373108,10,0.0013207197189330942,11121.773411204178,0.92337,True,0.9334027958669793,3.590344707823218,2.6569419119562383,<1.0
96,32,128,1,0,5000000,10000,28.839961528778076,10,0.0005967617034912109,16571.554270659548,0.84171,True,0.9334027958669793,3.590344707823218,2.6569419119562383,<1.0
96,32,128,2,0,5000000,10000,28.922711610794067,10,0.0005996227264404297,16442.043224617082,0.84092,True,0.9334027958669793,3.590344707823218,2.6569419119562383,<1.0
96,32,128,4,0,5000000,10000,28.961426973342896,10,0.0006048679351806641,16335.96790629582,0.84024,True,0.9334027958669793,3.590344707823218,2.6569419119562383,<1.0
96,32,128,8,0,5000000,10000,28.967375993728638,10,0.0006195878982543949,16238.691377935984,0.87433,True,0.9334027958669793,3.590344707823218,2.6569419119562383,<1.0
96,32,128,16,0,5000000,10000,28.93386459350586,10,0.0007121562957763672,15224.228680468894,0.9037,True,0.9334027958669793,3.590344707823218,2.6569419119562383,<1.0
96,32,128,32,0,5000000,10000,28.917232990264893,10,0.0007729053497314451,14862.58478043161,0.91744,True,0.9334027958669793,3.590344707823218,2.6569419119562383,<1.0
96,32,128,64,0,5000000,10000,28.845000505447388,10,0.0014191889762878423,11061.77489564065,0.92311,True,0.9334027958669793,3.590344707823218,2.6569419119562383,<1.0
96,32,256,1,0,5000000,10000,29.005653142929077,10,0.0006284713745117188,16085.172833723129,0.88048,True,0.9334027958669793,3.590344707823218,2.6569419119562383,<1.0
96,32,256,2,0,5000000,10000,28.85432195663452,10,0.0006246948242187491,16147.602626702761,0.88089,True,0.9334027958669793,3.590344707823218,2.6569419119562383,<1.0
96,32,256,4,0,5000000,10000,28.802258253097534,10,0.00063323974609375,15999.09879361138,0.88092,True,0.9334027958669793,3.590344707823218,2.6569419119562383,<1.0
96,32,256,8,0,5000000,10000,28.844298124313354,10,0.0006401538848876953,16068.873708930425,0.88067,True,0.9334027958669793,3.590344707823218,2.6569419119562383,<1.0
96,32,256,16,0,5000000,10000,28.856399297714233,10,0.0007085800170898438,15352.565351475941,0.90373,True,0.9334027958669793,3.590344707823218,2.6569419119562383,<1.0
96,32,256,32,0,5000000,10000,28.90996241569519,10,0.0008598184585571294,14746.746372787298,0.91766,True,0.9334027958669793,3.590344707823218,2.6569419119562383,<1.0
96,32,256,64,0,5000000,10000,28.946905851364136,10,0.0015535354614257812,11010.715927067755,0.92319,True,0.9334027958669793,3.590344707823218,2.6569419119562383,<1.0
96,32,512,1,0,5000000,10000,28.885737657546997,10,0.0008072137832641599,15003.31153280937,0.90658,True,0.9334027958669793,3.590344707823218,2.6569419119562383,<1.0
96,32,512,2,0,5000000,10000,28.937376499176025,10,0.0008329868316650389,15029.913786665622,0.90686,True,0.9334027958669793,3.590344707823218,2.6569419119562383,<1.0
96,32,512,4,0,5000000,10000,28.977609395980835,10,0.0008349037170410139,14889.104888619651,0.90632,True,0.9334027958669793,3.590344707823218,2.6569419119562383,<1.0
96,32,512,8,0,5000000,10000,28.994036436080933,10,0.0008420348167419434,14924.295239794998,0.90725,True,0.9334027958669793,3.590344707823218,2.6569419119562383,<1.0
96,32,512,16,0,5000000,10000,28.919212579727173,10,0.0008198690414428708,15007.694318880742,0.90631,True,0.9334027958669793,3.590344707823218,2.6569419119562383,<1.0
96,32,512,32,0,5000000,10000,28.95472478866577,10,0.0008523464202880859,14780.766065127022,0.91687,True,0.9334027958669793,3.590344707823218,2.6569419119562383,<1.0
96,32,512,64,0,5000000,10000,29.024526119232178,10,0.0015062093734741194,11081.291808943926,0.92291,True,0.9334027958669793,3.590344707823218,2.6569419119562383,<1.0
96,64,32,1,0,5000000,10000,30.478596448898315,10,0.0006730651855468752,16577.487893326837,0.8308,True,0.9334027958669793,4.914474255448467,3.9810714595814876,<1.0
96,64,32,2,0,5000000,10000,30.4023494720459,10,0.0006943392753601075,16522.587584335717,0.82988,True,0.9334027958669793,4.914474255448467,3.9810714595814876,<1.0
96,64,32,4,0,5000000,10000,30.4791157245636,10,0.0006832766532897947,16135.406906801532,0.88091,True,0.9334027958669793,4.914474255448467,3.9810714595814876,<1.0
96,64,32,8,0,5000000,10000,30.491063117980957,10,0.0007052421569824219,15862.528624425358,0.90689,True,0.9334027958669793,4.914474255448467,3.9810714595814876,<1.0
96,64,32,16,0,5000000,10000,30.526219129562378,10,0.0008294320106506342,14688.619542914148,0.91883,True,0.9334027958669793,4.914474255448467,3.9810714595814876,<1.0
96,64,32,32,0,5000000,10000,30.569876194000244,10,0.0009481906890869145,13769.199933134183,0.92366,True,0.9334027958669793,4.914474255448467,3.9810714595814876,<1.0
96,64,32,64,0,5000000,10000,30.532293558120728,10,0.0016355991363525418,10298.412109652241,0.92611,True,0.9334027958669793,4.914474255448467,3.9810714595814876,<1.0
96,64,64,1,0,5000000,10000,30.501317739486694,10,0.0006877183914184553,16385.273343966277,0.86204,True,0.9334027958669793,4.914474255448467,3.9810714595814876,<1.0
96,64,64,2,0,5000000,10000,30.546279430389404,10,0.0007021427154541016,16079.59377707634,0.86171,True,0.9334027958669793,4.914474255448467,3.9810714595814876,<1.0
96,64,64,4,0,5000000,10000,30.55001664161682,10,0.0006856918334960938,16150.824414051656,0.88055,True,0.9334027958669793,4.914474255448467,3.9810714595814876,<1.0
96,64,64,8,0,5000000,10000,30.53889226913452,10,0.0007100677490234379,15725.673506488216,0.90724,True,0.9334027958669793,4.914474255448467,3.9810714595814876,<1.0
96,64,64,16,0,5000000,10000,30.53601837158203,10,0.0008148384094238282,14788.681412485439,0.91869,True,0.9334027958669793,4.914474255448467,3.9810714595814876,<1.0
96,64,64,32,0,5000000,10000,30.525402307510376,10,0.0009476304054260244,13813.758033230164,0.92362,True,0.9334027958669793,4.914474255448467,3.9810714595814876,<1.0
96,64,64,64,0,5000000,10000,30.459553718566895,10,0.001577889919281004,10301.337087775843,0.92604,True,0.9334027958669793,4.914474255448467,3.9810714595814876,<1.0
96,64,128,1,0,5000000,10000,30.463883638381958,10,0.0007114863395690915,15994.553970865014,0.89134,True,0.9334027958669793,4.914474255448467,3.9810714595814876,<1.0
96,64,128,2,0,5000000,10000,30.46595335006714,10,0.0007070159912109381,15786.385059245144,0.89102,True,0.9334027958669793,4.914474255448467,3.9810714595814876,<1.0
96,64,128,4,0,5000000,10000,30.521886825561523,10,0.0006965088844299314,16132.752282170353,0.88982,True,0.9334027958669793,4.914474255448467,3.9810714595814876,<1.0
96,64,128,8,0,5000000,10000,30.5852108001709,10,0.0007047653198242188,15676.07798314816,0.90675,True,0.9334027958669793,4.914474255448467,3.9810714595814876,<1.0
96,64,128,16,0,5000000,10000,30.578948497772217,10,0.0008132457733154297,14733.072429427604,0.91797,True,0.9334027958669793,4.914474255448467,3.9810714595814876,<1.0
96,64,128,32,0,5000000,10000,30.62575936317444,10,0.0009556818008422873,13724.04242787087,0.92343,True,0.9334027958669793,4.914474255448467,3.9810714595814876,<1.0
96,64,128,64,0,5000000,10000,30.601009845733643,10,0.0016625452041625962,10164.954213231531,0.92583,True,0.9334027958669793,4.914474255448467,3.9810714595814876,<1.0
96,64,256,1,0,5000000,10000,30.497350692749023,10,0.0007327771186828617,15628.135674171506,0.90977,True,0.9334027958669793,4.914474255448467,3.9810714595814876,<1.0
96,64,256,2,0,5000000,10000,30.541707515716553,10,0.0007438588142395022,15579.646163022233,0.90975,True,0.9334027958669793,4.914474255448467,3.9810714595814876,<1.0
96,64,256,4,0,5000000,10000,30.510606288909912,10,0.0007093143463134761,15652.104395500766,0.90976,True,0.9334027958669793,4.914474255448467,3.9810714595814876,<1.0
96,64,256,8,0,5000000,10000,30.447160959243774,10,0.0007442331314086916,15426.54293811322,0.90995,True,0.9334027958669793,4.914474255448467,3.9810714595814876,<1.0
96,64,256,16,0,5000000,10000,30.433438777923584,10,0.0008454418182373049,14781.552708038931,0.91864,True,0.9334027958669793,4.914474255448467,3.9810714595814876,<1.0
96,64,256,32,0,5000000,10000,30.50144124031067,10,0.0009517717361450196,13721.752503861742,0.92356,True,0.9334027958669793,4.914474255448467,3.9810714595814876,<1.0
96,64,256,64,0,5000000,10000,30.470841884613037,10,0.00167898893356323,10228.792221949865,0.92652,True,0.9334027958669793,4.914474255448467,3.9810714595814876,<1.0
96,64,512,1,0,5000000,10000,30.479588985443115,10,0.0008649826049804688,14483.734450844628,0.9199,True,0.9334027958669793,4.914474255448467,3.9810714595814876,<1.0
96,64,512,2,0,5000000,10000,30.39967393875122,10,0.0009001946449279786,14341.170393184044,0.91947,True,0.9334027958669793,4.914474255448467,3.9810714595814876,<1.0
96,64,512,4,0,5000000,10000,30.45892596244812,10,0.0008677029609680171,14479.362221248606,0.91993,True,0.9334027958669793,4.914474255448467,3.9810714595814876,<1.0
96,64,512,8,0,5000000,10000,30.411349058151245,10,0.0008683013916015608,14240.924557689214,0.92016,True,0.9334027958669793,4.914474255448467,3.9810714595814876,<1.0
96,64,512,16,0,5000000,10000,30.42318558692932,10,0.0008554339408874509,14426.170519731728,0.91955,True,0.9334027958669793,4.914474255448467,3.9810714595814876,<1.0
96,64,512,32,0,5000000,10000,30.473581075668335,10,0.0009175801277160646,13868.476236370368,0.92375,True,0.9334027958669793,4.914474255448467,3.9810714595814876,<1.0
96,64,512,64,0,5000000,10000,30.411993503570557,10,0.0016585826873779315,10123.436502012579,0.92552,True,0.9334027958669793,4.914474255448467,3.9810714595814876,<1.0
96,96,32,1,0,5000000,10000,32.212796449661255,10,0.0007562017440795902,15440.09591366752,0.85991,True,0.9334027958669793,6.238603803073717,5.305201007206738,<1.0
96,96,32,2,0,5000000,10000,32.16073727607727,10,0.00072711944580078,15190.170745683128,0.85987,True,0.9334027958669793,6.238603803073717,5.305201007206738,<1.0
96,96,32,4,0,5000000,10000,32.171018838882446,10,0.0007560372352600096,15138.304166464904,0.89554,True,0.9334027958669793,6.238603803073717,5.305201007206738,<1.0
96,96,32,8,0,5000000,10000,32.239981174468994,10,0.00077714204788208,14708.402958039498,0.91409,True,0.9334027958669793,6.238603803073717,5.305201007206738,<1.0
96,96,32,16,0,5000000,10000,32.23543119430542,10,0.0008847713470458984,13663.168235066432,0.92081,True,0.9334027958669793,6.238603803073717,5.305201007206738,<1.0
96,96,32,32,0,5000000,10000,32.21871018409729,10,0.0009892225265502926,12813.568007574117,0.92453,True,0.9334027958669793,6.238603803073717,5.305201007206738,<1.0
96,96,32,64,0,5000000,10000,32.17945837974548,10,0.0016072630882263206,9484.138202988299,0.92637,True,0.9334027958669793,6.238603803073717,5.305201007206738,<1.0
96,96,64,1,0,5000000,10000,32.2274444103241,10,0.0007524776458740241,15213.276008519117,0.8836,True,0.9334027958669793,6.238603803073717,5.305201007206738,<1.0
96,96,64,2,0,5000000,10000,32.237919330596924,10,0.0007574319839477508,15352.9211855356,0.88327,True,0.9334027958669793,6.238603803073717,5.305201007206738,<1.0
96,96,64,4,0,5000000,10000,32.30043029785156,10,0.0007787132263183602,15061.240481536775,0.89623,True,0.9334027958669793,6.238603803073717,5.305201007206738,<1.0
96,96,64,8,0,5000000,10000,32.234468936920166,10,0.0008139824867248536,14562.320553851507,0.91315,True,0.9334027958669793,6.238603803073717,5.305201007206738,<1.0
96,96,64,16,0,5000000,10000,32.26136565208435,10,0.0008878040313720689,13642.164423777804,0.92128,True,0.9334027958669793,6.238603803073717,5.305201007206738,<1.0
96,96,64,32,0,5000000,10000,32.28271555900574,10,0.0010164070129394537,12890.071811766406,0.92502,True,0.9334027958669793,6.238603803073717,5.305201007206738,<1.0
96,96,64,64,0,5000000,10000,32.244938373565674,10,0.001629495620727537,9520.210501546331,0.92671,True,0.9334027958669793,6.238603803073717,5.305201007206738,<1.0
96,96,128,1,0,5000000,10000,32.21940875053406,10,0.0007940483093261709,14889.752812003757,0.90271,True,0.9334027958669793,6.238603803073717,5.305201007206738,<1.0
96,96,128,2,0,5000000,10000,32.21652960777283,10,0.0007558631896972656,14947.116084976351,0.90291,True,0.9334027958669793,6.238603803073717,5.305201007206738,<1.0
96,96,128,4,0,5000000,10000,32.29925560951233,10,0.0007666349411010751,14912.684573879746,0.90309,True,0.9334027958669793,6.238603803073717,5.305201007206738,<1.0
96,96,128,8,0,5000000,10000,32.23018026351929,10,0.0007700920104980469,14643.300769881207,0.91304,True,0.9334027958669793,6.238603803073717,5.305201007206738,<1.0
96,96,128,16,0,5000000,10000,32.29434823989868,10,0.00089369535446167,13697.30148241594,0.92145,True,0.9334027958669793,6.238603803073717,5.305201007206738,<1.0
96,96,128,32,0,5000000,10000,32.31080389022827,10,0.0010213541984558099,12892.593441676809,0.92493,True,0.9334027958669793,6.238603803073717,5.305201007206738,<1.0
96,96,128,64,0,5000000,10000,32.25862646102905,10,0.0016006970405578573,9597.555013721681,0.92651,True,0.9334027958669793,6.238603803073717,5.305201007206738,<1.0
96,96,256,1,0,5000000,10000,32.23098969459534,10,0.0008142042160034181,14555.752386696937,0.91588,True,0.9334027958669793,6.238603803073717,5.305201007206738,<1.0
96,96,256,2,0,5000000,10000,32.22609066963196,10,0.0008058547973632812,14557.298271374224,0.91567,True,0.9334027958669793,6.238603803073717,5.305201007206738,<1.0
96,96,256,4,0,5000000,10000,32.27724313735962,10,0.0007875633239746082,14495.095675746616,0.91621,True,0.9334027958669793,6.238603803073717,5.305201007206738,<1.0
96,96,256,8,0,5000000,10000,32.25256109237671,10,0.0008144164085388183,14490.548437811913,0.91562,True,0.9334027958669793,6.238603803073717,5.305201007206738,<1.0
96,96,256,16,0,5000000,10000,32.32583928108215,10,0.0008933782577514636,13680.359226658185,0.92159,True,0.9334027958669793,6.238603803073717,5.305201007206738,<1.0
96,96,256,32,0,5000000,10000,32.22797083854675,10,0.0010076236724853517,12779.613025389903,0.92463,True,0.9334027958669793,6.238603803073717,5.305201007206738,<1.0
96,96,256,64,0,5000000,10000,32.16860032081604,10,0.0016315627098083493,9550.978631430084,0.92574,True,0.9334027958669793,6.238603803073717,5.305201007206738,<1.0
96,96,512,1,0,5000000,10000,32.13665795326233,10,0.0009147572517395021,13528.806269242728,0.92218,True,0.9334027958669793,6.238603803073717,5.305201007206738,<1.0
96,96,512,2,0,5000000,10000,32.14665913581848,10,0.0009322237968444826,13428.448374040408,0.92205,True,0.9334027958669793,6.238603803073717,5.305201007206738,<1.0
96,96,512,4,0,5000000,10000,32.18801212310791,10,0.0009025049209594729,13457.158178368529,0.92242,True,0.9334027958669793,6.238603803073717,5.305201007206738,<1.0
96,96,512,8,0,5000000,10000,32.24656343460083,10,0.0009388923645019531,13392.514184984342,0.92237,True,0.9334027958669793,6.238603803073717,5.305201007206738,<1.0
96,96,512,16,0,5000000,10000,32.10951280593872,10,0.0009113955497741699,13424.230074401046,0.92244,True,0.9334027958669793,6.238603803073717,5.305201007206738,<1.0
96,96,512,32,0,5000000,10000,32.22115969657898,10,0.0010152339935302727,12773.603133642018,0.92484,True,0.9334027958669793,6.238603803073717,5.305201007206738,<1.0
96,96,512,64,0,5000000,10000,32.175353050231934,10,0.0016452121734619116,9515.341682743438,0.92652,True,0.9334027958669793,6.238603803073717,5.305201007206738,<1.0
128,32,32,1,0,5000000,10000,33.640965700149536,10,0.0006716251373291016,16755.8686591677,0.70907,True,0.9334027958669793,3.590344707823218,2.6569419119562383,<1.0
128,32,32,2,0,5000000,10000,33.551053524017334,10,0.0006863021850585915,16788.25390611839,0.71198,True,0.9334027958669793,3.590344707823218,2.6569419119562383,<1.0
128,32,32,4,0,5000000,10000,33.50351285934448,10,0.0006820249557495123,16607.46960105558,0.81367,True,0.9334027958669793,3.590344707823218,2.6569419119562383,<1.0
128,32,32,8,0,5000000,10000,33.55296516418457,10,0.0006949830055236819,16035.50215211747,0.87559,True,0.9334027958669793,3.590344707823218,2.6569419119562383,<1.0
128,32,32,16,0,5000000,10000,33.58624601364136,10,0.000800671577453612,15380.584002730693,0.90653,True,0.9334027958669793,3.590344707823218,2.6569419119562383,<1.0
128,32,32,32,0,5000000,10000,33.49584460258484,10,0.0008415985107421871,15022.118417587666,0.91992,True,0.9334027958669793,3.590344707823218,2.6569419119562383,<1.0
128,32,32,64,0,5000000,10000,33.52541446685791,10,0.0015204453468322752,11147.324144792998,0.92542,True,0.9334027958669793,3.590344707823218,2.6569419119562383,<1.0
128,32,64,1,0,5000000,10000,33.49836611747742,10,0.0006887912750244141,16728.215788052334,0.77727,True,0.9334027958669793,3.590344707823218,2.6569419119562383,<1.0
128,32,64,2,0,5000000,10000,33.566665172576904,10,0.0007006597518920861,16493.63190125415,0.77629,True,0.9334027958669793,3.590344707823218,2.6569419119562383,<1.0
128,32,64,4,0,5000000,10000,33.56420874595642,10,0.0006652712821960446,16711.588405974384,0.81345,True,0.9334027958669793,3.590344707823218,2.6569419119562383,<1.0
128,32,64,8,0,5000000,10000,33.60198473930359,10,0.0007034349441528316,15878.944810570327,0.87581,True,0.9334027958669793,3.590344707823218,2.6569419119562383,<1.0
128,32,64,16,0,5000000,10000,33.65014863014221,10,0.0007994413375854454,15454.671138894048,0.90597,True,0.9334027958669793,3.590344707823218,2.6569419119562383,<1.0
128,32,64,32,0,5000000,10000,33.522971868515015,10,0.0008416175842285156,14950.986828847159,0.9195,True,0.9334027958669793,3.590344707823218,2.6569419119562383,<1.0
128,32,64,64,0,5000000,10000,33.53558421134949,10,0.001512918472290039,11172.078766535999,0.92525,True,0.9334027958669793,3.590344707823218,2.6569419119562383,<1.0
128,32,128,1,0,5000000,10000,33.54429578781128,10,0.0007098507881164538,16470.74773027758,0.83733,True,0.9334027958669793,3.590344707823218,2.6569419119562383,<1.0
128,32,128,2,0,5000000,10000,33.51589035987854,10,0.0006916522979736328,16446.966177009017,0.83787,True,0.9334027958669793,3.590344707823218,2.6569419119562383,<1.0
128,32,128,4,0,5000000,10000,33.621185541152954,10,0.0007028055191040036,16368.261476084806,0.83769,True,0.9334027958669793,3.590344707823218,2.6569419119562383,<1.0
128,32,128,8,0,5000000,10000,33.552679777145386,10,0.0006998753547668444,16144.744941154047,0.87666,True,0.9334027958669793,3.590344707823218,2.6569419119562383,<1.0
128,32,128,16,0,5000000,10000,33.53368902206421,10,0.0007440090179443356,15505.944465145953,0.90593,True,0.9334027958669793,3.590344707823218,2.6569419119562383,<1.0
128,32,128,32,0,5000000,10000,33.56958484649658,10,0.0008361339569091797,14920.148223408913,0.91971,True,0.9334027958669793,3.590344707823218,2.6569419119562383,<1.0
128,32,128,64,0,5000000,10000,33.549604654312134,10,0.0015276241302490234,11077.9480344475,0.92475,True,0.9334027958669793,3.590344707823218,2.6569419119562383,<1.0
128,32,256,1,0,5000000,10000,33.54336476325989,10,0.0007214546203613281,16013.726798680204,0.88204,True,0.9334027958669793,3.590344707823218,2.6569419119562383,<1.0
128,32,256,2,0,5000000,10000,33.550161361694336,10,0.0007073020935058592,16021.074308517826,0.88238,True,0.9334027958669793,3.590344707823218,2.6569419119562383,<1.0
128,32,256,4,0,5000000,10000,33.578670263290405,10,0.0007095718383789053,16000.146515988292,0.88205,True,0.9334027958669793,3.590344707823218,2.6569419119562383,<1.0
128,32,256,8,0,5000000,10000,33.645782709121704,10,0.0007250308990478516,15989.240337408615,0.88231,True,0.9334027958669793,3.590344707823218,2.6569419119562383,<1.0
128,32,256,16,0,5000000,10000,33.69126033782959,10,0.0007784366607666016,15168.330413382939,0.90637,True,0.9334027958669793,3.590344707823218,2.6569419119562383,<1.0
128,32,256,32,0,5000000,10000,33.543086528778076,10,0.0008396625518798826,14908.024601794108,0.91959,True,0.9334027958669793,3.590344707823218,2.6569419119562383,<1.0
128,32,256,64,0,5000000,10000,33.53046202659607,10,0.0015189552307128874,11063.960357927941,0.92502,True,0.9334027958669793,3.590344707823218,2.6569419119562383,<1.0
128,32,512,1,0,5000000,10000,33.512327671051025,10,0.0008187294006347656,15092.540504033632,0.90957,True,0.9334027958669793,3.590344707823218,2.6569419119562383,<1.0
128,32,512,2,0,5000000,10000,33.652875900268555,10,0.0008282375335693362,15071.69869382611,0.90925,True,0.9334027958669793,3.590344707823218,2.6569419119562383,<1.0
128,32,512,4,0,5000000,10000,33.57117176055908,10,0.0007959723472595213,15103.159842351552,0.9095,True,0.9334027958669793,3.590344707823218,2.6569419119562383,<1.0
128,32,512,8,0,5000000,10000,33.577478885650635,10,0.0008140802383422852,15175.3970434877,0.90938,True,0.9334027958669793,3.590344707823218,2.6569419119562383,<1.0
128,32,512,16,0,5000000,10000,33.57068347930908,10,0.0007960796356201172,15098.401869293772,0.91018,True,0.9334027958669793,3.590344707823218,2.6569419119562383,<1.0
128,32,512,32,0,5000000,10000,33.61490988731384,10,0.0008409595489501953,14686.417734509287,0.92082,True,0.9334027958669793,3.590344707823218,2.6569419119562383,<1.0
128,32,512,64,0,5000000,10000,33.5699245929718,10,0.001507196426391598,11018.558878456819,0.92512,True,0.9334027958669793,3.590344707823218,2.6569419119562383,<1.0
128,64,32,1,0,5000000,10000,35.219167709350586,10,0.0007051730155944822,16488.205018660054,0.82383,True,0.9334027958669793,4.914474255448467,3.9810714595814876,<1.0
128,64,32,2,0,5000000,10000,35.108569860458374,10,0.0006718635559082031,16271.474029167653,0.82292,True,0.9334027958669793,4.914474255448467,3.9810714595814876,<1.0
128,64,32,4,0,5000000,10000,35.08849096298218,10,0.0007050037384033203,16226.299205896352,0.88163,True,0.9334027958669793,4.914474255448467,3.9810714595814876,<1.0
128,64,32,8,0,5000000,10000,35.12438702583313,10,0.0007239913940429686,15813.17716837916,0.91107,True,0.9334027958669793,4.914474255448467,3.9810714595814876,<1.0
128,64,32,16,0,5000000,10000,35.17207908630371,10,0.0008275270462036145,14940.406816986248,0.92164,True,0.9334027958669793,4.914474255448467,3.9810714595814876,<1.0
128,64,32,32,0,5000000,10000,35.188058853149414,10,0.0009418582916259767,14046.581731694369,0.92601,True,0.9334027958669793,4.914474255448467,3.9810714595814876,<1.0
128,64,32,64,0,5000000,10000,35.207223653793335,10,0.0017394495010375991,10206.790813344543,0.92701,True,0.9334027958669793,4.914474255448467,3.9810714595814876,<1.0
128,64,64,1,0,5000000,10000,35.065242528915405,10,0.0007054805755615234,16515.63993649469,0.86083,True,0.9334027958669793,4.914474255448467,3.9810714595814876,<1.0
128,64,64,2,0,5000000,10000,35.07007455825806,10,0.0007011556625366212,16094.363469558193,0.86203,True,0.9334027958669793,4.914474255448467,3.9810714595814876,<1.0
128,64,64,4,0,5000000,10000,35.18512177467346,10,0.0007138824462890637,16374.085474911408,0.8809,True,0.9334027958669793,4.914474255448467,3.9810714595814876,<1.0
128,64,64,8,0,5000000,10000,35.0518913269043,10,0.0007257461547851562,15920.302656773662,0.90968,True,0.9334027958669793,4.914474255448467,3.9810714595814876,<1.0
128,64,64,16,0,5000000,10000,35.078147649765015,10,0.0008324766159057617,14830.502351011557,0.92186,True,0.9334027958669793,4.914474255448467,3.9810714595814876,<1.0
128,64,64,32,0,5000000,10000,35.12688159942627,10,0.000912785530090332,14029.649328951708,0.92595,True,0.9334027958669793,4.914474255448467,3.9810714595814876,<1.0
128,64,64,64,0,5000000,10000,35.10736680030823,10,0.0016910552978515615,10250.337483443047,0.92689,True,0.9334027958669793,4.914474255448467,3.9810714595814876,<1.0
128,64,128,1,0,5000000,10000,35.10741400718689,10,0.0006896781921386722,16151.399963996206,0.8927,True,0.9334027958669793,4.914474255448467,3.9810714595814876,<1.0
128,64,128,2,0,5000000,10000,35.106809854507446,10,0.0007029247283935544,16209.68314040175,0.89334,True,0.9334027958669793,4.914474255448467,3.9810714595814876,<1.0
128,64,128,4,0,5000000,10000,35.14369511604309,10,0.0007146739959716791,15821.702908978756,0.89205,True,0.9334027958669793,4.914474255448467,3.9810714595814876,<1.0
128,64,128,8,0,5000000,10000,35.13783288002014,10,0.0007338523864746094,15807.62896876191,0.91045,True,0.9334027958669793,4.914474255448467,3.9810714595814876,<1.0
128,64,128,16,0,5000000,10000,35.093745946884155,10,0.0008147740364074702,14856.780286943484,0.92166,True,0.9334027958669793,4.914474255448467,3.9810714595814876,<1.0
128,64,128,32,0,5000000,10000,35.15660786628723,10,0.000928785800933838,13923.474241040509,0.92589,True,0.9334027958669793,4.914474255448467,3.9810714595814876,<1.0
128,64,128,64,0,5000000,10000,35.10551834106445,10,0.0017039680480957003,10265.28119710502,0.92704,True,0.9334027958669793,4.914474255448467,3.9810714595814876,<1.0
128,64,256,1,0,5000000,10000,35.10732626914978,10,0.0007234096527099611,15816.007699818887,0.91305,True,0.9334027958669793,4.914474255448467,3.9810714595814876,<1.0
128,64,256,2,0,5000000,10000,35.075583696365356,10,0.0007394313812255863,15714.450288580789,0.91342,True,0.9334027958669793,4.914474255448467,3.9810714595814876,<1.0
128,64,256,4,0,5000000,10000,35.112560749053955,10,0.0007386398315429692,15800.354066226899,0.91228,True,0.9334027958669793,4.914474255448467,3.9810714595814876,<1.0
128,64,256,8,0,5000000,10000,35.13080906867981,10,0.0007365798950195309,15802.465744383793,0.91285,True,0.9334027958669793,4.914474255448467,3.9810714595814876,<1.0
128,64,256,16,0,5000000,10000,35.13825726509094,10,0.0008410835266113269,14964.641183938536,0.92167,True,0.9334027958669793,4.914474255448467,3.9810714595814876,<1.0
128,64,256,32,0,5000000,10000,35.088353395462036,10,0.0009362697601318359,13976.580290782205,0.92591,True,0.9334027958669793,4.914474255448467,3.9810714595814876,<1.0
128,64,256,64,0,5000000,10000,35.08909296989441,10,0.0017451000213623002,10294.59001498441,0.92706,True,0.9334027958669793,4.914474255448467,3.9810714595814876,<1.0
128,64,512,1,0,5000000,10000,35.15321207046509,10,0.0008446931838989253,14625.406150294086,0.92259,True,0.9334027958669793,4.914474255448467,3.9810714595814876,<1.0
128,64,512,2,0,5000000,10000,35.13522696495056,10,0.0008683204650878906,14448.609896403059,0.92289,True,0.9334027958669793,4.914474255448467,3.9810714595814876,<1.0
128,64,512,4,0,5000000,10000,35.183520793914795,10,0.000866565704345703,14485.00595993712,0.92314,True,0.9334027958669793,4.914474255448467,3.9810714595814876,<1.0
128,64,512,8,0,5000000,10000,35.12858247756958,10,0.0008589720726013186,14374.927073815605,0.92296,True,0.9334027958669793,4.914474255448467,3.9810714595814876,<1.0
128,64,512,16,0,5000000,10000,35.19883131980896,10,0.0008447456359863274,14680.904022777548,0.92292,True,0.9334027958669793,4.914474255448467,3.9810714595814876,<1.0
128,64,512,32,0,5000000,10000,35.1401743888855,10,0.0009299945831298829,13926.002768645547,0.92593,True,0.9334027958669793,4.914474255448467,3.9810714595814876,<1.0
128,64,512,64,0,5000000,10000,35.057886362075806,10,0.001721453666687008,10250.236729483771,0.92712,True,0.9334027958669793,4.914474255448467,3.9810714595814876,<1.0
128,96,32,1,0,5000000,10000,36.87279486656189,10,0.0007254028320312529,15638.410682407624,0.86115,True,0.9334027958669793,6.238603803073717,5.305201007206738,<1.0
128,96,32,2,0,5000000,10000,36.900399684906006,10,0.0007336783409118653,15258.104583064056,0.86022,True,0.9334027958669793,6.238603803073717,5.305201007206738,<1.0
128,96,32,4,0,5000000,10000,36.88348317146301,10,0.0007344555854797352,15177.532688108198,0.90072,True,0.9334027958669793,6.238603803073717,5.305201007206738,<1.0
128,96,32,8,0,5000000,10000,36.889464139938354,10,0.0008073306083679196,14861.812369276151,0.91733,True,0.9334027958669793,6.238603803073717,5.305201007206738,<1.0
128,96,32,16,0,5000000,10000,36.79522705078125,10,0.0008886814117431644,13739.711683204958,0.92433,True,0.9334027958669793,6.238603803073717,5.305201007206738,<1.0
128,96,32,32,0,5000000,10000,36.771926403045654,10,0.0009923219680786155,13010.956922260304,0.92632,True,0.9334027958669793,6.238603803073717,5.305201007206738,<1.0
128,96,32,64,0,5000000,10000,36.82327890396118,10,0.0017988061904907226,9524.882219018516,0.92709,True,0.9334027958669793,6.238603803073717,5.305201007206738,<1.0
128,96,64,1,0,5000000,10000,36.907328605651855,10,0.0007483959197998047,15397.41749545479,0.88832,True,0.9334027958669793,6.238603803073717,5.305201007206738,<1.0
128,96,64,2,0,5000000,10000,36.87333536148071,10,0.0007607936859130859,15216.376516867174,0.88677,True,0.9334027958669793,6.238603803073717,5.305201007206738,<1.0
128,96,64,4,0,5000000,10000,36.83328151702881,10,0.000746665000915526,15170.215820531095,0.89976,True,0.9334027958669793,6.238603803073717,5.305201007206738,<1.0
128,96,64,8,0,5000000,10000,36.77968215942383,10,0.0007774019241333007,14880.332598257084,0.91787,True,0.9334027958669793,6.238603803073717,5.305201007206738,<1.0
128,96,64,16,0,5000000,10000,36.82044720649719,10,0.0008697748184204107,13836.245899232936,0.92451,True,0.9334027958669793,6.238603803073717,5.305201007206738,<1.0
128,96,64,32,0,5000000,10000,36.83286929130554,10,0.0009951591491699219,13029.055867261683,0.92684,True,0.9334027958669793,6.238603803073717,5.305201007206738,<1.0
128,96,64,64,0,5000000,10000,36.88312578201294,10,0.0018038988113403352,9555.417451608859,0.92721,True,0.9334027958669793,6.238603803073717,5.305201007206738,<1.0
128,96,128,1,0,5000000,10000,36.90414595603943,10,0.0007576346397399902,15141.164999813724,0.90781,True,0.9334027958669793,6.238603803073717,5.305201007206738,<1.0
128,96,128,2,0,5000000,10000,36.81082582473755,10,0.0007765293121337891,14956.294859830343,0.90808,True,0.9334027958669793,6.238603803073717,5.305201007206738,<1.0
128,96,128,4,0,5000000,10000,36.86665606498718,10,0.0007596731185913093,15171.671951752343,0.90801,True,0.9334027958669793,6.238603803073717,5.305201007206738,<1.0
128,96,128,8,0,5000000,10000,36.889657735824585,10,0.0007797622680664061,14778.455902729902,0.91772,True,0.9334027958669793,6.238603803073717,5.305201007206738,<1.0
128,96,128,16,0,5000000,10000,36.82283115386963,10,0.0008787822723388666,13986.881555930844,0.92429,True,0.9334027958669793,6.238603803073717,5.305201007206738,<1.0
128,96,128,32,0,5000000,10000,36.78224968910217,10,0.001002922058105469,13032.926069121155,0.92639,True,0.9334027958669793,6.238603803073717,5.305201007206738,<1.0
128,96,128,64,0,5000000,10000,36.81049680709839,10,0.0018050384521484317,9585.937531248786,0.92731,True,0.9334027958669793,6.238603803073717,5.305201007206738,<1.0
128,96,256,1,0,5000000,10000,36.860222816467285,10,0.0007999515533447261,14574.706413306905,0.9195,True,0.9334027958669793,6.238603803073717,5.305201007206738,<1.0
128,96,256,2,0,5000000,10000,36.89210104942322,10,0.0007914209365844724,14638.273132305825,0.91916,True,0.9334027958669793,6.238603803073717,5.305201007206738,<1.0
128,96,256,4,0,5000000,10000,36.834593534469604,10,0.0008015918731689451,14604.097842861178,0.91925,True,0.9334027958669793,6.238603803073717,5.305201007206738,<1.0
128,96,256,8,0,5000000,10000,36.91989541053772,10,0.0007935357093811044,14653.524328001924,0.91954,True,0.9334027958669793,6.238603803073717,5.305201007206738,<1.0
128,96,256,16,0,5000000,10000,36.91998219490051,10,0.0008694744110107427,13970.91057726802,0.92449,True,0.9334027958669793,6.238603803073717,5.305201007206738,<1.0
128,96,256,32,0,5000000,10000,36.82466411590576,10,0.0010111188888549802,12776.49342655036,0.9268,True,0.9334027958669793,6.238603803073717,5.305201007206738,<1.0
128,96,256,64,0,5000000,10000,36.837050914764404,10,0.0018259048461914044,9524.773066724896,0.92725,True,0.9334027958669793,6.238603803073717,5.305201007206738,<1.0
128,96,512,1,0,5000000,10000,36.812469482421875,10,0.0008957386016845703,13703.489337271969,0.92461,True,0.9334027958669793,6.238603803073717,5.305201007206738,<1.0
128,96,512,2,0,5000000,10000,36.90271806716919,10,0.0009129476547241207,13649.41039979143,0.92476,True,0.9334027958669793,6.238603803073717,5.305201007206738,<1.0
128,96,512,4,0,5000000,10000,36.909262895584106,10,0.0009138584136962891,13664.409446175709,0.92455,True,0.9334027958669793,6.238603803073717,5.305201007206738,<1.0
128,96,512,8,0,5000000,10000,36.85172748565674,10,0.0009364676475524902,13580.296226552999,0.92504,True,0.9334027958669793,6.238603803073717,5.305201007206738,<1.0
128,96,512,16,0,5000000,10000,36.82688355445862,10,0.0009141325950622566,13714.48263587954,0.9247,True,0.9334027958669793,6.238603803073717,5.305201007206738,<1.0
128,96,512,32,0,5000000,10000,36.92165446281433,10,0.0010144734382629395,12769.380134660953,0.92612,True,0.9334027958669793,6.238603803073717,5.305201007206738,<1.0
128,96,512,64,0,5000000,10000,36.873703479766846,10,0.0017974209785461357,9561.154345188006,0.92731,True,0.9334027958669793,6.238603803073717,5.305201007206738,<1.0
128,128,32,1,0,5000000,10000,39.51964998245239,10,0.0007914090156555175,15060.76923889314,0.88002,True,0.9334027958669793,7.5627333506989665,6.629330554831987,<1.0
128,128,32,2,0,5000000,10000,39.42752003669739,10,0.0007456231117248541,15314.435956708245,0.88111,True,0.9334027958669793,7.5627333506989665,6.629330554831987,<1.0
128,128,32,4,0,5000000,10000,39.46068739891052,10,0.0007534408569335924,14798.99409802412,0.90931,True,0.9334027958669793,7.5627333506989665,6.629330554831987,<1.0
128,128,32,8,0,5000000,10000,39.489333391189575,10,0.0008199930191040029,14443.439785712824,0.92097,True,0.9334027958669793,7.5627333506989665,6.629330554831987,<1.0
128,128,32,16,0,5000000,10000,39.460777759552,10,0.0008967494964599622,13322.53980174637,0.92555,True,0.9334027958669793,7.5627333506989665,6.629330554831987,<1.0
128,128,32,32,0,5000000,10000,39.39993381500244,10,0.0010515475273132325,12097.93167932268,0.9272,True,0.9334027958669793,7.5627333506989665,6.629330554831987,<1.0
128,128,32,64,0,5000000,10000,39.42686462402344,10,0.0018122291564941426,8773.67681045495,0.92688,True,0.9334027958669793,7.5627333506989665,6.629330554831987,<1.0
128,128,64,1,0,5000000,10000,39.50365400314331,10,0.0007374382019042971,15239.29886966153,0.90018,True,0.9334027958669793,7.5627333506989665,6.629330554831987,<1.0
128,128,64,2,0,5000000,10000,39.33813142776489,10,0.0007584095001220703,15167.47450201689,0.89932,True,0.9334027958669793,7.5627333506989665,6.629330554831987,<1.0
128,128,64,4,0,5000000,10000,39.364266872406006,10,0.0007293057441711426,15177.957463385119,0.90869,True,0.9334027958669793,7.5627333506989665,6.629330554831987,<1.0
128,128,64,8,0,5000000,10000,39.3811616897583,10,0.0007731294631958007,14641.987303471906,0.92113,True,0.9334027958669793,7.5627333506989665,6.629330554831987,<1.0
128,128,64,16,0,5000000,10000,39.475239276885986,10,0.0009038448333740234,13172.405319459838,0.92586,True,0.9334027958669793,7.5627333506989665,6.629330554831987,<1.0
128,128,64,32,0,5000000,10000,39.52105641365051,10,0.0010530948638916016,11936.541927509945,0.92723,True,0.9334027958669793,7.5627333506989665,6.629330554831987,<1.0
128,128,64,64,0,5000000,10000,39.48451352119446,10,0.0018555450439453123,8896.256372827404,0.92715,True,0.9334027958669793,7.5627333506989665,6.629330554831987,<1.0
128,128,128,1,0,5000000,10000,39.38740515708923,10,0.000793142318725586,14842.365296368309,0.91368,True,0.9334027958669793,7.5627333506989665,6.629330554831987,<1.0
128,128,128,2,0,5000000,10000,39.35375380516052,10,0.0007790780067443845,14802.20565759827,0.91378,True,0.9334027958669793,7.5627333506989665,6.629330554831987,<1.0
128,128,128,4,0,5000000,10000,39.47233772277832,10,0.0007915782928466794,14572.469405063093,0.91421,True,0.9334027958669793,7.5627333506989665,6.629330554831987,<1.0
128,128,128,8,0,5000000,10000,39.3503794670105,10,0.0008094358444213868,14414.537301828635,0.92139,True,0.9334027958669793,7.5627333506989665,6.629330554831987,<1.0
128,128,128,16,0,5000000,10000,39.350234508514404,10,0.0008939695358276363,13376.228266533604,0.92535,True,0.9334027958669793,7.5627333506989665,6.629330554831987,<1.0
128,128,128,32,0,5000000,10000,39.40403914451599,10,0.0010254716873168944,12210.813420780143,0.92686,True,0.9334027958669793,7.5627333506989665,6.629330554831987,<1.0
128,128,128,64,0,5000000,10000,39.473339557647705,10,0.0018750977516174315,8901.218084321656,0.92729,True,0.9334027958669793,7.5627333506989665,6.629330554831987,<1.0
128,128,256,1,0,5000000,10000,39.486053228378296,10,0.0007833814620971666,14527.211359057645,0.92273,True,0.9334027958669793,7.5627333506989665,6.629330554831987,<1.0
128,128,256,2,0,5000000,10000,39.47929239273071,10,0.0007835102081298812,14315.03631920827,0.92241,True,0.9334027958669793,7.5627333506989665,6.629330554831987,<1.0
128,128,256,4,0,5000000,10000,39.400493144989014,10,0.0008091449737548835,14399.61424633582,0.92258,True,0.9334027958669793,7.5627333506989665,6.629330554831987,<1.0
128,128,256,8,0,5000000,10000,39.37959551811218,10,0.000803086757659912,14496.346162637246,0.92205,True,0.9334027958669793,7.5627333506989665,6.629330554831987,<1.0
128,128,256,16,0,5000000,10000,39.411171436309814,10,0.0008913516998291021,13341.603672993268,0.92544,True,0.9334027958669793,7.5627333506989665,6.629330554831987,<1.0
128,128,256,32,0,5000000,10000,39.44657635688782,10,0.00104391574859619,12123.397151404479,0.92668,True,0.9334027958669793,7.5627333506989665,6.629330554831987,<1.0
128,128,256,64,0,5000000,10000,39.50430512428284,10,0.001785564422607423,8841.058778484752,0.92751,True,0.9334027958669793,7.5627333506989665,6.629330554831987,<1.0
128,128,512,1,0,5000000,10000,39.44339609146118,10,0.0009171962738037109,13050.640733546395,0.92605,True,0.9334027958669793,7.5627333506989665,6.629330554831987,<1.0
128,128,512,2,0,5000000,10000,39.32125115394592,10,0.0009463834762573264,13047.684814032451,0.92598,True,0.9334027958669793,7.5627333506989665,6.629330554831987,<1.0
128,128,512,4,0,5000000,10000,39.39044260978699,10,0.0009213519096374508,13066.039563395427,0.92591,True,0.9334027958669793,7.5627333506989665,6.629330554831987,<1.0
128,128,512,8,0,5000000,10000,39.397385597229004,10,0.0009126949310302732,13050.302016279675,0.92586,True,0.9334027958669793,7.5627333506989665,6.629330554831987,<1.0
128,128,512,16,0,5000000,10000,39.61106777191162,10,0.000923376083374023,13057.937139604592,0.92616,True,0.9334027958669793,7.5627333506989665,6.629330554831987,<1.0
128,128,512,32,0,5000000,10000,39.54233241081238,10,0.0010411977767944332,12221.025720265698,0.92694,True,0.9334027958669793,7.5627333506989665,6.629330554831987,<1.0
128,128,512,64,0,5000000,10000,39.44236373901367,10,0.0018462896347045889,8772.009342994026,0.92781,True,0.9334027958669793,7.5627333506989665,6.629330554831987,<1.0
