intermediate_graph_degree,graph_degree,itopk_size,search_width,max_search_iterations,total_vectors,total_queries,build_time_seconds,best_batch_size,avg_query_latency_ms,queries_per_second,recall,used_filter,initial_gpu_memory_percent_used,post_build_gpu_memory_percent_used,memory_increase_build_gb,rating_filter
32,32,32,1,0,5000000,10000,24.005911588668823,10,0.0009637594223022468,14000.008796351196,0.85709,True,0.9290613875141096,3.586003299470348,2.6569419119562383,"1.0-2.0, 2.0-3.0"
32,32,32,2,0,5000000,10000,24.073552131652832,10,0.0009728026390075683,13960.348460059755,0.85782,True,0.9334027958669793,3.590344707823218,2.6569419119562383,"1.0-2.0, 2.0-3.0"
32,32,32,4,0,5000000,10000,24.058530807495117,10,0.0009513211250305178,13932.914824742376,0.85706,True,0.9334027958669793,3.590344707823218,2.6569419119562383,"1.0-2.0, 2.0-3.0"
32,32,32,8,0,5000000,10000,24.11110782623291,10,0.0009571933746337887,13843.873498131961,0.85762,True,0.9334027958669793,3.590344707823218,2.6569419119562383,"1.0-2.0, 2.0-3.0"
32,32,32,16,0,5000000,10000,24.09427809715271,10,0.0009648323059082038,13929.183042295315,0.85666,True,0.9334027958669793,3.590344707823218,2.6569419119562383,"1.0-2.0, 2.0-3.0"
32,32,32,32,0,5000000,10000,24.098512172698975,10,0.0009667396545410137,14014.765430422085,0.85671,True,0.9334027958669793,3.590344707823218,2.6569419119562383,"1.0-2.0, 2.0-3.0"
32,32,32,64,0,5000000,10000,24.116851091384888,10,0.0012572860717773434,11358.660247256063,0.89387,True,0.9334027958669793,3.590344707823218,2.6569419119562383,"1.0-2.0, 2.0-3.0"
32,32,64,1,0,5000000,10000,24.07170271873474,10,0.0011678838729858396,11460.419465552106,0.88689,True,0.9334027958669793,3.590344707823218,2.6569419119562383,"1.0-2.0, 2.0-3.0"
32,32,64,2,0,5000000,10000,24.09162187576294,10,0.0011691808700561518,11343.102307678402,0.88598,True,0.9334027958669793,3.590344707823218,2.6569419119562383,"1.0-2.0, 2.0-3.0"
32,32,64,4,0,5000000,10000,24.13784956932068,10,0.0011488914489746122,11436.846222813467,0.88602,True,0.9334027958669793,3.590344707823218,2.6569419119562383,"1.0-2.0, 2.0-3.0"
32,32,64,8,0,5000000,10000,24.095227241516113,10,0.001123080253601074,11428.048507891106,0.88552,True,0.9334027958669793,3.590344707823218,2.6569419119562383,"1.0-2.0, 2.0-3.0"
32,32,64,16,0,5000000,10000,24.098222970962524,10,0.00110079765319824,11479.484306305285,0.88554,True,0.9334027958669793,3.590344707823218,2.6569419119562383,"1.0-2.0, 2.0-3.0"
32,32,64,32,0,5000000,10000,24.14642906188965,10,0.0011796665191650402,11373.303601413292,0.88617,True,0.9334027958669793,3.590344707823218,2.6569419119562383,"1.0-2.0, 2.0-3.0"
32,32,64,64,0,5000000,10000,24.06437659263611,10,0.0011679077148437494,11335.266529956267,0.89384,True,0.9334027958669793,3.590344707823218,2.6569419119562383,"1.0-2.0, 2.0-3.0"
32,32,128,1,0,5000000,10000,24.116369247436523,10,0.0012689495086669923,10918.003711218294,0.91808,True,0.9334027958669793,3.590344707823218,2.6569419119562383,"1.0-2.0, 2.0-3.0"
32,32,128,2,0,5000000,10000,24.150452852249146,10,0.0012874102592468277,10931.444771874436,0.9172,True,0.9334027958669793,3.590344707823218,2.6569419119562383,"1.0-2.0, 2.0-3.0"
32,32,128,4,0,5000000,10000,24.08444046974182,10,0.001284980773925781,10947.460956888914,0.91758,True,0.9334027958669793,3.590344707823218,2.6569419119562383,"1.0-2.0, 2.0-3.0"
32,32,128,8,0,5000000,10000,24.091644287109375,10,0.0012738943099975587,10961.836870395015,0.91812,True,0.9334027958669793,3.590344707823218,2.6569419119562383,"1.0-2.0, 2.0-3.0"
32,32,128,16,0,5000000,10000,24.122623920440674,10,0.0013369631767272904,10837.01615781274,0.91765,True,0.9334027958669793,3.590344707823218,2.6569419119562383,"1.0-2.0, 2.0-3.0"
32,32,128,32,0,5000000,10000,24.112399339675903,10,0.0012834644317626948,10929.236208528744,0.91766,True,0.9334027958669793,3.590344707823218,2.6569419119562383,"1.0-2.0, 2.0-3.0"
32,32,128,64,0,5000000,10000,24.109995126724243,10,0.0012862253189086913,10933.69469081671,0.91763,True,0.9334027958669793,3.590344707823218,2.6569419119562383,"1.0-2.0, 2.0-3.0"
32,32,256,1,0,5000000,10000,24.077939748764038,10,0.0013655424118041966,10451.863514136627,0.9439,True,0.9334027958669793,3.590344707823218,2.6569419119562383,"1.0-2.0, 2.0-3.0"
32,32,256,2,0,5000000,10000,24.09548258781433,10,0.0013892650604248047,10374.574331256037,0.94487,True,0.9334027958669793,3.590344707823218,2.6569419119562383,"1.0-2.0, 2.0-3.0"
32,32,256,4,0,5000000,10000,24.083380937576294,10,0.001359543800354003,10465.117015323747,0.94385,True,0.9334027958669793,3.590344707823218,2.6569419119562383,"1.0-2.0, 2.0-3.0"
32,32,256,8,0,5000000,10000,24.095958471298218,10,0.0013604760169982906,10481.05443938061,0.94414,True,0.9334027958669793,3.590344707823218,2.6569419119562383,"1.0-2.0, 2.0-3.0"
32,32,256,16,0,5000000,10000,24.117815494537354,10,0.001377124786376953,10449.745581563977,0.9439,True,0.9334027958669793,3.590344707823218,2.6569419119562383,"1.0-2.0, 2.0-3.0"
32,32,256,32,0,5000000,10000,24.14053750038147,10,0.0013519287109375003,10506.437379387993,0.94465,True,0.9334027958669793,3.590344707823218,2.6569419119562383,"1.0-2.0, 2.0-3.0"
32,32,256,64,0,5000000,10000,24.152518272399902,10,0.00135894775390625,10461.25505367857,0.9436,True,0.9334027958669793,3.590344707823218,2.6569419119562383,"1.0-2.0, 2.0-3.0"
32,32,512,1,0,5000000,10000,24.133697271347046,10,0.001494197845458985,9613.464061624682,0.96162,True,0.9334027958669793,3.590344707823218,2.6569419119562383,"1.0-2.0, 2.0-3.0"
32,32,512,2,0,5000000,10000,24.178815603256226,10,0.0014551734924316412,9628.339217641473,0.96211,True,0.9334027958669793,3.590344707823218,2.6569419119562383,"1.0-2.0, 2.0-3.0"
32,32,512,4,0,5000000,10000,24.135919332504272,10,0.001499300003051758,9597.857938145959,0.96194,True,0.9334027958669793,3.590344707823218,2.6569419119562383,"1.0-2.0, 2.0-3.0"
32,32,512,8,0,5000000,10000,24.158692598342896,10,0.0015219092369079565,9549.663942346497,0.96211,True,0.9334027958669793,3.590344707823218,2.6569419119562383,"1.0-2.0, 2.0-3.0"
32,32,512,16,0,5000000,10000,24.149291038513184,10,0.0015034198760986344,9594.485939538388,0.96173,True,0.9334027958669793,3.590344707823218,2.6569419119562383,"1.0-2.0, 2.0-3.0"
32,32,512,32,0,5000000,10000,24.10781478881836,10,0.0014935302734375,9555.711340610207,0.96183,True,0.9334027958669793,3.590344707823218,2.6569419119562383,"1.0-2.0, 2.0-3.0"
32,32,512,64,0,5000000,10000,24.134690284729004,10,0.0015143966674804688,9630.543300696658,0.96198,True,0.9334027958669793,3.590344707823218,2.6569419119562383,"1.0-2.0, 2.0-3.0"
64,32,32,1,0,5000000,10000,26.913623809814453,10,0.0009226799011230469,13962.12089656026,0.86302,True,0.9334027958669793,3.590344707823218,2.6569419119562383,"1.0-2.0, 2.0-3.0"
64,32,32,2,0,5000000,10000,26.92392349243164,10,0.0008890891075134279,13988.053712580388,0.86328,True,0.9334027958669793,3.590344707823218,2.6569419119562383,"1.0-2.0, 2.0-3.0"
64,32,32,4,0,5000000,10000,26.8958477973938,10,0.0009358882904052738,13822.926118417943,0.86242,True,0.9334027958669793,3.590344707823218,2.6569419119562383,"1.0-2.0, 2.0-3.0"
64,32,32,8,0,5000000,10000,26.90400457382202,10,0.0009384250640869143,13803.237940531168,0.8635,True,0.9334027958669793,3.590344707823218,2.6569419119562383,"1.0-2.0, 2.0-3.0"
64,32,32,16,0,5000000,10000,26.941649436950684,10,0.0009378576278686523,13921.474017118473,0.86371,True,0.9334027958669793,3.590344707823218,2.6569419119562383,"1.0-2.0, 2.0-3.0"
64,32,32,32,0,5000000,10000,26.941132068634033,10,0.0009370899200439459,13846.544953256122,0.86283,True,0.9334027958669793,3.590344707823218,2.6569419119562383,"1.0-2.0, 2.0-3.0"
64,32,32,64,0,5000000,10000,26.99799132347107,10,0.0012018680572509783,11339.428641959023,0.90035,True,0.9334027958669793,3.590344707823218,2.6569419119562383,"1.0-2.0, 2.0-3.0"
64,32,64,1,0,5000000,10000,26.93751573562622,10,0.0011311531066894535,11364.821442877066,0.89155,True,0.9334027958669793,3.590344707823218,2.6569419119562383,"1.0-2.0, 2.0-3.0"
64,32,64,2,0,5000000,10000,26.931349754333496,10,0.0011132860183715836,11411.168466707573,0.89148,True,0.9334027958669793,3.590344707823218,2.6569419119562383,"1.0-2.0, 2.0-3.0"
64,32,64,4,0,5000000,10000,26.933948755264282,10,0.0011929726600646948,11369.86784975962,0.8915,True,0.9334027958669793,3.590344707823218,2.6569419119562383,"1.0-2.0, 2.0-3.0"
64,32,64,8,0,5000000,10000,26.90368366241455,10,0.0011307311058044505,11459.732622006986,0.89095,True,0.9334027958669793,3.590344707823218,2.6569419119562383,"1.0-2.0, 2.0-3.0"
64,32,64,16,0,5000000,10000,26.9131281375885,10,0.0011563181877136224,11350.183074731596,0.89205,True,0.9334027958669793,3.590344707823218,2.6569419119562383,"1.0-2.0, 2.0-3.0"
64,32,64,32,0,5000000,10000,26.950247049331665,10,0.0010777711868286124,11516.744048445058,0.89125,True,0.9334027958669793,3.590344707823218,2.6569419119562383,"1.0-2.0, 2.0-3.0"
64,32,64,64,0,5000000,10000,26.926334142684937,10,0.001224613189697266,11347.3306368094,0.89887,True,0.9334027958669793,3.590344707823218,2.6569419119562383,"1.0-2.0, 2.0-3.0"
64,32,128,1,0,5000000,10000,26.931501150131226,10,0.0013282299041748047,10754.911566820296,0.91952,True,0.9334027958669793,3.590344707823218,2.6569419119562383,"1.0-2.0, 2.0-3.0"
64,32,128,2,0,5000000,10000,26.937246799468994,10,0.0013211154937744132,10852.5368331487,0.92007,True,0.9334027958669793,3.590344707823218,2.6569419119562383,"1.0-2.0, 2.0-3.0"
64,32,128,4,0,5000000,10000,26.935229063034058,10,0.0013048171997070302,10889.811672379923,0.92046,True,0.9334027958669793,3.590344707823218,2.6569419119562383,"1.0-2.0, 2.0-3.0"
64,32,128,8,0,5000000,10000,26.93519377708435,10,0.0013512468338012715,10875.012417295842,0.9211,True,0.9334027958669793,3.590344707823218,2.6569419119562383,"1.0-2.0, 2.0-3.0"
64,32,128,16,0,5000000,10000,26.929770946502686,10,0.0013199806213378897,10845.473794569256,0.92007,True,0.9334027958669793,3.590344707823218,2.6569419119562383,"1.0-2.0, 2.0-3.0"
64,32,128,32,0,5000000,10000,26.895737409591675,10,0.0013363265991210935,10829.898303875456,0.92005,True,0.9334027958669793,3.590344707823218,2.6569419119562383,"1.0-2.0, 2.0-3.0"
64,32,128,64,0,5000000,10000,26.929365158081055,10,0.0013427495956420902,10865.171452315426,0.91893,True,0.9334027958669793,3.590344707823218,2.6569419119562383,"1.0-2.0, 2.0-3.0"
64,32,256,1,0,5000000,10000,26.928085327148438,10,0.0014057683944702151,10346.999413790252,0.9452,True,0.9334027958669793,3.590344707823218,2.6569419119562383,"1.0-2.0, 2.0-3.0"
64,32,256,2,0,5000000,10000,26.934571266174316,10,0.0013716316223144533,10381.14950635089,0.94488,True,0.9334027958669793,3.590344707823218,2.6569419119562383,"1.0-2.0, 2.0-3.0"
64,32,256,4,0,5000000,10000,26.948981523513794,10,0.0014023041725158675,10361.820650407637,0.94372,True,0.9334027958669793,3.590344707823218,2.6569419119562383,"1.0-2.0, 2.0-3.0"
64,32,256,8,0,5000000,10000,26.89287519454956,10,0.0013916492462158203,10304.05912390003,0.9437,True,0.9334027958669793,3.590344707823218,2.6569419119562383,"1.0-2.0, 2.0-3.0"
64,32,256,16,0,5000000,10000,26.86064386367798,10,0.0013897991180419973,10347.363430911795,0.94411,True,0.9334027958669793,3.590344707823218,2.6569419119562383,"1.0-2.0, 2.0-3.0"
64,32,256,32,0,5000000,10000,26.896351099014282,10,0.001400055885314941,10293.785563395622,0.94424,True,0.9334027958669793,3.590344707823218,2.6569419119562383,"1.0-2.0, 2.0-3.0"
64,32,256,64,0,5000000,10000,26.96485424041748,10,0.0013952136039733888,10294.349382893677,0.94432,True,0.9334027958669793,3.590344707823218,2.6569419119562383,"1.0-2.0, 2.0-3.0"
64,32,512,1,0,5000000,10000,26.905324935913086,10,0.0022230863571166995,9550.720311387586,0.95916,True,0.9334027958669793,3.590344707823218,2.6569419119562383,"1.0-2.0, 2.0-3.0"
64,32,512,2,0,5000000,10000,26.910151958465576,10,0.0021270179748534637,9563.99030296682,0.95867,True,0.9334027958669793,3.590344707823218,2.6569419119562383,"1.0-2.0, 2.0-3.0"
64,32,512,4,0,5000000,10000,26.888302326202393,10,0.0023745536804199233,9567.408697926283,0.95881,True,0.9334027958669793,3.590344707823218,2.6569419119562383,"1.0-2.0, 2.0-3.0"
64,32,512,8,0,5000000,10000,26.899861812591553,10,0.0022018194198608534,9536.295651464625,0.95908,True,0.9334027958669793,3.590344707823218,2.6569419119562383,"1.0-2.0, 2.0-3.0"
64,32,512,16,0,5000000,10000,26.95137858390808,10,0.002391242980957029,9601.353484698524,0.9595,True,0.9334027958669793,3.590344707823218,2.6569419119562383,"1.0-2.0, 2.0-3.0"
64,32,512,32,0,5000000,10000,26.949321508407593,10,0.0023206424713134756,9570.138093912527,0.95848,True,0.9334027958669793,3.590344707823218,2.6569419119562383,"1.0-2.0, 2.0-3.0"
64,32,512,64,0,5000000,10000,26.939825534820557,10,0.002153258323669441,9567.8808870505,0.95846,True,0.9334027958669793,3.590344707823218,2.6569419119562383,"1.0-2.0, 2.0-3.0"
64,64,32,1,0,5000000,10000,28.463195323944092,10,0.0010505342483520504,12688.191690806807,0.91526,True,0.9334027958669793,4.914474255448467,3.9810714595814876,"1.0-2.0, 2.0-3.0"
64,64,32,2,0,5000000,10000,28.473782300949097,10,0.00103283405303955,12919.312881779219,0.91466,True,0.9334027958669793,4.914474255448467,3.9810714595814876,"1.0-2.0, 2.0-3.0"
64,64,32,4,0,5000000,10000,28.47515368461609,10,0.0010543060302734375,12786.156671220666,0.91417,True,0.9334027958669793,4.914474255448467,3.9810714595814876,"1.0-2.0, 2.0-3.0"
64,64,32,8,0,5000000,10000,28.474462270736694,10,0.0010371088981628415,12832.318834706308,0.91482,True,0.9334027958669793,4.914474255448467,3.9810714595814876,"1.0-2.0, 2.0-3.0"
64,64,32,16,0,5000000,10000,28.474003553390503,10,0.0010542154312133795,12890.57560902402,0.91448,True,0.9334027958669793,4.914474255448467,3.9810714595814876,"1.0-2.0, 2.0-3.0"
64,64,32,32,0,5000000,10000,28.45155143737793,10,0.001035079956054688,12897.10783473782,0.91433,True,0.9334027958669793,4.914474255448467,3.9810714595814876,"1.0-2.0, 2.0-3.0"
64,64,32,64,0,5000000,10000,28.449920892715454,10,0.001252510547637935,10515.951174627884,0.94062,True,0.9334027958669793,4.914474255448467,3.9810714595814876,"1.0-2.0, 2.0-3.0"
64,64,64,1,0,5000000,10000,28.460142850875854,10,0.0012366247177124025,10577.832493556023,0.93501,True,0.9334027958669793,4.914474255448467,3.9810714595814876,"1.0-2.0, 2.0-3.0"
64,64,64,2,0,5000000,10000,28.421361923217773,10,0.0012318515777587895,10570.041225877181,0.93454,True,0.9334027958669793,4.914474255448467,3.9810714595814876,"1.0-2.0, 2.0-3.0"
64,64,64,4,0,5000000,10000,28.494972467422485,10,0.0012438416481018047,10580.958786785888,0.93614,True,0.9334027958669793,4.914474255448467,3.9810714595814876,"1.0-2.0, 2.0-3.0"
64,64,64,8,0,5000000,10000,28.468406915664673,10,0.0012388038635253902,10564.551265745713,0.93573,True,0.9334027958669793,4.914474255448467,3.9810714595814876,"1.0-2.0, 2.0-3.0"
64,64,64,16,0,5000000,10000,28.50173830986023,10,0.0012280941009521502,10610.697678750512,0.9354,True,0.9334027958669793,4.914474255448467,3.9810714595814876,"1.0-2.0, 2.0-3.0"
64,64,64,32,0,5000000,10000,28.494683265686035,10,0.0012216138839721683,10538.65927885653,0.93549,True,0.9334027958669793,4.914474255448467,3.9810714595814876,"1.0-2.0, 2.0-3.0"
64,64,64,64,0,5000000,10000,28.488751888275146,10,0.0013071155548095704,10497.424478465744,0.94132,True,0.9334027958669793,4.914474255448467,3.9810714595814876,"1.0-2.0, 2.0-3.0"
64,64,128,1,0,5000000,10000,28.521744966506958,10,0.0014676475524902331,9943.284515533898,0.95395,True,0.9334027958669793,4.914474255448467,3.9810714595814876,"1.0-2.0, 2.0-3.0"
64,64,128,2,0,5000000,10000,28.456088066101074,10,0.001504802703857422,9858.642632643277,0.9541,True,0.9334027958669793,4.914474255448467,3.9810714595814876,"1.0-2.0, 2.0-3.0"
64,64,128,4,0,5000000,10000,28.527785301208496,10,0.0014763855934143066,9873.133910749706,0.9542,True,0.9334027958669793,4.914474255448467,3.9810714595814876,"1.0-2.0, 2.0-3.0"
64,64,128,8,0,5000000,10000,28.489618062973022,10,0.0015288352966308632,9847.428473212287,0.95375,True,0.9334027958669793,4.914474255448467,3.9810714595814876,"1.0-2.0, 2.0-3.0"
64,64,128,16,0,5000000,10000,28.501794576644897,10,0.001455659866333005,9993.325138625602,0.95469,True,0.9334027958669793,4.914474255448467,3.9810714595814876,"1.0-2.0, 2.0-3.0"
64,64,128,32,0,5000000,10000,28.446359872817993,10,0.0014743709564208982,9950.208394504734,0.95357,True,0.9334027958669793,4.914474255448467,3.9810714595814876,"1.0-2.0, 2.0-3.0"
64,64,128,64,0,5000000,10000,28.480618000030518,10,0.0014434289932250956,9973.088045104434,0.95446,True,0.9334027958669793,4.914474255448467,3.9810714595814876,"1.0-2.0, 2.0-3.0"
64,64,256,1,0,5000000,10000,28.55542254447937,10,0.0017764377593994132,9083.373737751139,0.96641,True,0.9334027958669793,4.914474255448467,3.9810714595814876,"1.0-2.0, 2.0-3.0"
64,64,256,2,0,5000000,10000,28.499326944351196,10,0.0017744874954223628,9097.269878928128,0.96609,True,0.9334027958669793,4.914474255448467,3.9810714595814876,"1.0-2.0, 2.0-3.0"
64,64,256,4,0,5000000,10000,28.546918392181396,10,0.0017551112174987791,9091.199276861622,0.96578,True,0.9334027958669793,4.914474255448467,3.9810714595814876,"1.0-2.0, 2.0-3.0"
64,64,256,8,0,5000000,10000,28.47911524772644,10,0.0017361164093017594,8981.575956077962,0.96569,True,0.9334027958669793,4.914474255448467,3.9810714595814876,"1.0-2.0, 2.0-3.0"
64,64,256,16,0,5000000,10000,28.49250292778015,10,0.0017580509185791023,9002.937588442206,0.96568,True,0.9334027958669793,4.914474255448467,3.9810714595814876,"1.0-2.0, 2.0-3.0"
64,64,256,32,0,5000000,10000,28.52009630203247,10,0.0017260646820068358,9092.493093161696,0.96569,True,0.9334027958669793,4.914474255448467,3.9810714595814876,"1.0-2.0, 2.0-3.0"
64,64,256,64,0,5000000,10000,28.465338468551636,10,0.0017272973060607896,9001.217088408474,0.96571,True,0.9334027958669793,4.914474255448467,3.9810714595814876,"1.0-2.0, 2.0-3.0"
64,64,512,1,0,5000000,10000,28.478416204452515,10,0.0058034491539001466,6806.492845790297,0.97168,True,0.9334027958669793,4.914474255448467,3.9810714595814876,"1.0-2.0, 2.0-3.0"
64,64,512,2,0,5000000,10000,28.487847089767456,10,0.005794515609741216,6789.836699471538,0.97173,True,0.9334027958669793,4.914474255448467,3.9810714595814876,"1.0-2.0, 2.0-3.0"
64,64,512,4,0,5000000,10000,28.514384508132935,10,0.005861673355102541,6793.851427447137,0.97145,True,0.9334027958669793,4.914474255448467,3.9810714595814876,"1.0-2.0, 2.0-3.0"
64,64,512,8,0,5000000,10000,28.50857973098755,10,0.0059749031066894135,6810.021963417615,0.97133,True,0.9334027958669793,4.914474255448467,3.9810714595814876,"1.0-2.0, 2.0-3.0"
64,64,512,16,0,5000000,10000,28.54304337501526,10,0.005871510505676271,6799.6467488659955,0.97131,True,0.9334027958669793,4.914474255448467,3.9810714595814876,"1.0-2.0, 2.0-3.0"
64,64,512,32,0,5000000,10000,28.572133779525757,10,0.005891418457031207,6842.743165460939,0.97154,True,0.9334027958669793,4.914474255448467,3.9810714595814876,"1.0-2.0, 2.0-3.0"
64,64,512,64,0,5000000,10000,28.589630126953125,10,0.005464787483215331,6828.819569028215,0.97131,True,0.9334027958669793,4.914474255448467,3.9810714595814876,"1.0-2.0, 2.0-3.0"
96,32,32,1,0,5000000,10000,28.955998182296753,10,0.0010453534126281722,13785.80618318233,0.88602,True,0.9334027958669793,3.590344707823218,2.6569419119562383,"1.0-2.0, 2.0-3.0"
96,32,32,2,0,5000000,10000,28.897565364837646,10,0.0010345625877380372,13653.493898685936,0.88594,True,0.9334027958669793,3.590344707823218,2.6569419119562383,"1.0-2.0, 2.0-3.0"
96,32,32,4,0,5000000,10000,28.906739711761475,10,0.001073603630065918,13782.351532202558,0.88561,True,0.9334027958669793,3.590344707823218,2.6569419119562383,"1.0-2.0, 2.0-3.0"
96,32,32,8,0,5000000,10000,28.901274919509888,10,0.0011018419265747068,13729.279024682322,0.88602,True,0.9334027958669793,3.590344707823218,2.6569419119562383,"1.0-2.0, 2.0-3.0"
96,32,32,16,0,5000000,10000,28.934159517288208,10,0.0010514044761657714,13774.942277029038,0.88635,True,0.9334027958669793,3.590344707823218,2.6569419119562383,"1.0-2.0, 2.0-3.0"
96,32,32,32,0,5000000,10000,28.944522619247437,10,0.0010760569572448734,13674.331658384548,0.88758,True,0.9334027958669793,3.590344707823218,2.6569419119562383,"1.0-2.0, 2.0-3.0"
96,32,32,64,0,5000000,10000,28.90903639793396,10,0.0013061928749084476,11108.8212118433,0.91769,True,0.9334027958669793,3.590344707823218,2.6569419119562383,"1.0-2.0, 2.0-3.0"
96,32,64,1,0,5000000,10000,28.85469627380371,10,0.0012506437301635738,11332.446112734384,0.91181,True,0.9334027958669793,3.590344707823218,2.6569419119562383,"1.0-2.0, 2.0-3.0"
96,32,64,2,0,5000000,10000,28.8716139793396,10,0.001300523281097417,11297.36589087753,0.91215,True,0.9334027958669793,3.590344707823218,2.6569419119562383,"1.0-2.0, 2.0-3.0"
96,32,64,4,0,5000000,10000,28.83248496055603,10,0.0012816047668457037,11307.90348861594,0.91109,True,0.9334027958669793,3.590344707823218,2.6569419119562383,"1.0-2.0, 2.0-3.0"
96,32,64,8,0,5000000,10000,28.820897579193115,10,0.0012869834899902344,11283.115639175709,0.91305,True,0.9334027958669793,3.590344707823218,2.6569419119562383,"1.0-2.0, 2.0-3.0"
96,32,64,16,0,5000000,10000,28.859471321105957,10,0.0012669563293457031,11231.788677197917,0.91175,True,0.9334027958669793,3.590344707823218,2.6569419119562383,"1.0-2.0, 2.0-3.0"
96,32,64,32,0,5000000,10000,28.846269845962524,10,0.0012762284278869623,11243.744512374753,0.91214,True,0.9334027958669793,3.590344707823218,2.6569419119562383,"1.0-2.0, 2.0-3.0"
96,32,64,64,0,5000000,10000,29.03895330429077,10,0.0012058258056640587,11463.000241864176,0.91718,True,0.9334027958669793,3.590344707823218,2.6569419119562383,"1.0-2.0, 2.0-3.0"
96,32,128,1,0,5000000,10000,29.082611560821533,10,0.0016834831237792919,10729.77815358234,0.93515,True,0.9334027958669793,3.590344707823218,2.6569419119562383,"1.0-2.0, 2.0-3.0"
96,32,128,2,0,5000000,10000,29.043248653411865,10,0.0016366291046142553,10739.052856103634,0.93658,True,0.9334027958669793,3.590344707823218,2.6569419119562383,"1.0-2.0, 2.0-3.0"
96,32,128,4,0,5000000,10000,29.114575147628784,10,0.0015505170822143546,10767.736968717247,0.93625,True,0.9334027958669793,3.590344707823218,2.6569419119562383,"1.0-2.0, 2.0-3.0"
96,32,128,8,0,5000000,10000,29.09507989883423,10,0.0016232967376708998,10684.734208306902,0.9357,True,0.9334027958669793,3.590344707823218,2.6569419119562383,"1.0-2.0, 2.0-3.0"
96,32,128,16,0,5000000,10000,29.029030799865723,10,0.001474101543426485,10777.621472743589,0.93698,True,0.9334027958669793,3.590344707823218,2.6569419119562383,"1.0-2.0, 2.0-3.0"
96,32,128,32,0,5000000,10000,29.06607675552368,10,0.0015552234649658207,10782.52300007281,0.93587,True,0.9334027958669793,3.590344707823218,2.6569419119562383,"1.0-2.0, 2.0-3.0"
96,32,128,64,0,5000000,10000,29.079232454299927,10,0.0015098667144775309,10707.829340663086,0.93647,True,0.9334027958669793,3.590344707823218,2.6569419119562383,"1.0-2.0, 2.0-3.0"
96,32,256,1,0,5000000,10000,29.1241238117218,10,0.0032595586776733255,10122.657379587374,0.95412,True,0.9334027958669793,3.590344707823218,2.6569419119562383,"1.0-2.0, 2.0-3.0"
96,32,256,2,0,5000000,10000,29.082574367523193,10,0.002676057815551773,10145.02550142358,0.95464,True,0.9334027958669793,3.590344707823218,2.6569419119562383,"1.0-2.0, 2.0-3.0"
96,32,256,4,0,5000000,10000,29.054444551467896,10,0.0026070833206176805,10092.578640960755,0.95348,True,0.9334027958669793,3.590344707823218,2.6569419119562383,"1.0-2.0, 2.0-3.0"
96,32,256,8,0,5000000,10000,29.082645893096924,10,0.0027806138992309626,10078.208987394959,0.95441,True,0.9334027958669793,3.590344707823218,2.6569419119562383,"1.0-2.0, 2.0-3.0"
96,32,256,16,0,5000000,10000,29.140060424804688,10,0.0029675698280334406,10121.531975067212,0.95492,True,0.9334027958669793,3.590344707823218,2.6569419119562383,"1.0-2.0, 2.0-3.0"
96,32,256,32,0,5000000,10000,29.0315101146698,10,0.00257869720458985,10199.362499438217,0.95498,True,0.9334027958669793,3.590344707823218,2.6569419119562383,"1.0-2.0, 2.0-3.0"
96,32,256,64,0,5000000,10000,29.006591320037842,10,0.003158082962036244,9914.720683761569,0.95413,True,0.9334027958669793,3.590344707823218,2.6569419119562383,"1.0-2.0, 2.0-3.0"
96,32,512,1,0,5000000,10000,28.902283430099487,10,0.004155800342559811,9011.542973722822,0.96563,True,0.9334027958669793,3.590344707823218,2.6569419119562383,"1.0-2.0, 2.0-3.0"
96,32,512,2,0,5000000,10000,28.837394952774048,10,0.003999416828155515,9111.232142894441,0.96554,True,0.9334027958669793,3.590344707823218,2.6569419119562383,"1.0-2.0, 2.0-3.0"
96,32,512,4,0,5000000,10000,29.04526162147522,10,0.0039765858650207524,9205.797126626121,0.96535,True,0.9334027958669793,3.590344707823218,2.6569419119562383,"1.0-2.0, 2.0-3.0"
96,32,512,8,0,5000000,10000,29.09212303161621,10,0.003986322879791263,9188.620112031358,0.96497,True,0.9334027958669793,3.590344707823218,2.6569419119562383,"1.0-2.0, 2.0-3.0"
96,32,512,16,0,5000000,10000,29.14022922515869,10,0.003933897018432619,9212.0957705175,0.96562,True,0.9334027958669793,3.590344707823218,2.6569419119562383,"1.0-2.0, 2.0-3.0"
96,32,512,32,0,5000000,10000,29.060582637786865,10,0.0040294885635375945,9200.316199802026,0.9654,True,0.9334027958669793,3.590344707823218,2.6569419119562383,"1.0-2.0, 2.0-3.0"
96,32,512,64,0,5000000,10000,29.060794353485107,10,0.0041675567626953125,9176.608892147502,0.96563,True,0.9334027958669793,3.590344707823218,2.6569419119562383,"1.0-2.0, 2.0-3.0"
96,64,32,1,0,5000000,10000,30.697299480438232,10,0.0012136697769165048,12641.78005809599,0.92822,True,0.9334027958669793,4.914474255448467,3.9810714595814876,"1.0-2.0, 2.0-3.0"
96,64,32,2,0,5000000,10000,30.621171951293945,10,0.0012567710876464832,12604.197584035808,0.92871,True,0.9334027958669793,4.914474255448467,3.9810714595814876,"1.0-2.0, 2.0-3.0"
96,64,32,4,0,5000000,10000,30.629945993423462,10,0.0012148761749267547,12578.284938664243,0.92888,True,0.9334027958669793,4.914474255448467,3.9810714595814876,"1.0-2.0, 2.0-3.0"
96,64,32,8,0,5000000,10000,30.653308629989624,10,0.0012462520599365243,12647.118696706244,0.92897,True,0.9334027958669793,4.914474255448467,3.9810714595814876,"1.0-2.0, 2.0-3.0"
96,64,32,16,0,5000000,10000,30.723448514938354,10,0.001263668537139895,12604.490345461754,0.92854,True,0.9334027958669793,4.914474255448467,3.9810714595814876,"1.0-2.0, 2.0-3.0"
96,64,32,32,0,5000000,10000,30.6656277179718,10,0.0012187242507934576,12725.330510822932,0.92901,True,0.9334027958669793,4.914474255448467,3.9810714595814876,"1.0-2.0, 2.0-3.0"
96,64,32,64,0,5000000,10000,30.695221662521362,10,0.0013633370399475106,10500.684480305252,0.95032,True,0.9334027958669793,4.914474255448467,3.9810714595814876,"1.0-2.0, 2.0-3.0"
96,64,64,1,0,5000000,10000,30.66694140434265,10,0.0013241672515869152,10587.907859591685,0.94667,True,0.9334027958669793,4.914474255448467,3.9810714595814876,"1.0-2.0, 2.0-3.0"
96,64,64,2,0,5000000,10000,30.498408794403076,10,0.001418161392211913,10227.411717104269,0.94674,True,0.9334027958669793,4.914474255448467,3.9810714595814876,"1.0-2.0, 2.0-3.0"
96,64,64,4,0,5000000,10000,30.402538776397705,10,0.0013842225074768059,10390.15466898703,0.94697,True,0.9334027958669793,4.914474255448467,3.9810714595814876,"1.0-2.0, 2.0-3.0"
96,64,64,8,0,5000000,10000,30.51968502998352,10,0.0013048648834228516,10602.572604089113,0.94633,True,0.9334027958669793,4.914474255448467,3.9810714595814876,"1.0-2.0, 2.0-3.0"
96,64,64,16,0,5000000,10000,30.666579723358154,10,0.0013186550140380812,10624.329804742516,0.94746,True,0.9334027958669793,4.914474255448467,3.9810714595814876,"1.0-2.0, 2.0-3.0"
96,64,64,32,0,5000000,10000,30.642542600631714,10,0.0012733650207519525,10706.241039332077,0.94595,True,0.9334027958669793,4.914474255448467,3.9810714595814876,"1.0-2.0, 2.0-3.0"
96,64,64,64,0,5000000,10000,30.637884616851807,10,0.0013700294494628914,10463.92028619237,0.9499,True,0.9334027958669793,4.914474255448467,3.9810714595814876,"1.0-2.0, 2.0-3.0"
96,64,128,1,0,5000000,10000,30.639964818954468,10,0.0018293285369873047,9769.828381904725,0.95994,True,0.9334027958669793,4.914474255448467,3.9810714595814876,"1.0-2.0, 2.0-3.0"
96,64,128,2,0,5000000,10000,30.69186234474182,10,0.001864957809448244,9743.10889757097,0.96062,True,0.9334027958669793,4.914474255448467,3.9810714595814876,"1.0-2.0, 2.0-3.0"
96,64,128,4,0,5000000,10000,30.653779983520508,10,0.0017898082733154297,9746.665727411098,0.9604,True,0.9334027958669793,4.914474255448467,3.9810714595814876,"1.0-2.0, 2.0-3.0"
96,64,128,8,0,5000000,10000,30.66365885734558,10,0.0018252658843994213,9760.247270963557,0.96059,True,0.9334027958669793,4.914474255448467,3.9810714595814876,"1.0-2.0, 2.0-3.0"
96,64,128,16,0,5000000,10000,30.683661460876465,10,0.0018552780151367245,9635.407433790055,0.96085,True,0.9334027958669793,4.914474255448467,3.9810714595814876,"1.0-2.0, 2.0-3.0"
96,64,128,32,0,5000000,10000,30.66473913192749,10,0.0017938232421874927,9674.850582364023,0.96029,True,0.9334027958669793,4.914474255448467,3.9810714595814876,"1.0-2.0, 2.0-3.0"
96,64,128,64,0,5000000,10000,30.69817543029785,10,0.0018612909317016605,9752.571304167843,0.96021,True,0.9334027958669793,4.914474255448467,3.9810714595814876,"1.0-2.0, 2.0-3.0"
96,64,256,1,0,5000000,10000,30.658735990524292,10,0.0045691132545471295,8746.67709966983,0.96783,True,0.9334027958669793,4.914474255448467,3.9810714595814876,"1.0-2.0, 2.0-3.0"
96,64,256,2,0,5000000,10000,30.672170400619507,10,0.004658033847808805,8742.331688205013,0.96788,True,0.9334027958669793,4.914474255448467,3.9810714595814876,"1.0-2.0, 2.0-3.0"
96,64,256,4,0,5000000,10000,30.63202214241028,10,0.0046224117279053435,8510.462974759925,0.96808,True,0.9334027958669793,4.914474255448467,3.9810714595814876,"1.0-2.0, 2.0-3.0"
96,64,256,8,0,5000000,10000,30.499794244766235,10,0.004731402397155754,8521.40160357601,0.96767,True,0.9334027958669793,4.914474255448467,3.9810714595814876,"1.0-2.0, 2.0-3.0"
96,64,256,16,0,5000000,10000,30.48511552810669,10,0.004898757934570331,8528.983817492537,0.96837,True,0.9334027958669793,4.914474255448467,3.9810714595814876,"1.0-2.0, 2.0-3.0"
96,64,256,32,0,5000000,10000,30.427555799484253,10,0.0049589157104492024,8585.898258983878,0.96781,True,0.9334027958669793,4.914474255448467,3.9810714595814876,"1.0-2.0, 2.0-3.0"
96,64,256,64,0,5000000,10000,30.477278470993042,10,0.0048828983306884784,8553.482730764037,0.96765,True,0.9334027958669793,4.914474255448467,3.9810714595814876,"1.0-2.0, 2.0-3.0"
96,64,512,1,0,5000000,10000,30.449767112731934,10,0.008840551376342773,6191.126081892148,0.97197,True,0.9334027958669793,4.914474255448467,3.9810714595814876,"1.0-2.0, 2.0-3.0"
96,64,512,2,0,5000000,10000,30.444852113723755,10,0.009124898910522466,6233.074135637393,0.97184,True,0.9334027958669793,4.914474255448467,3.9810714595814876,"1.0-2.0, 2.0-3.0"
96,64,512,4,0,5000000,10000,30.49713635444641,10,0.00911832809448242,6216.076499285276,0.97242,True,0.9334027958669793,4.914474255448467,3.9810714595814876,"1.0-2.0, 2.0-3.0"
96,64,512,8,0,5000000,10000,30.42467951774597,10,0.009283351898193345,6219.087024326207,0.97218,True,0.9334027958669793,4.914474255448467,3.9810714595814876,"1.0-2.0, 2.0-3.0"
96,64,512,16,0,5000000,10000,30.37115168571472,10,0.009062128067016582,6217.069075620742,0.97199,True,0.9334027958669793,4.914474255448467,3.9810714595814876,"1.0-2.0, 2.0-3.0"
96,64,512,32,0,5000000,10000,30.417282581329346,10,0.009029350280761714,6221.771108237208,0.97163,True,0.9334027958669793,4.914474255448467,3.9810714595814876,"1.0-2.0, 2.0-3.0"
96,64,512,64,0,5000000,10000,30.390100240707397,10,0.009129667282104507,6179.832876604722,0.97167,True,0.9334027958669793,4.914474255448467,3.9810714595814876,"1.0-2.0, 2.0-3.0"
96,96,32,1,0,5000000,10000,32.14174127578735,10,0.0012785625457763655,11612.540669037317,0.93533,True,0.9334027958669793,6.238603803073717,5.305201007206738,"1.0-2.0, 2.0-3.0"
96,96,32,2,0,5000000,10000,32.17629861831665,10,0.0012868142127990725,11847.878810905473,0.9359,True,0.9334027958669793,6.238603803073717,5.305201007206738,"1.0-2.0, 2.0-3.0"
96,96,32,4,0,5000000,10000,32.17569136619568,10,0.0012859344482421872,11709.675541297787,0.93539,True,0.9334027958669793,6.238603803073717,5.305201007206738,"1.0-2.0, 2.0-3.0"
96,96,32,8,0,5000000,10000,32.166465520858765,10,0.0013060426712036134,11595.592752743494,0.93593,True,0.9334027958669793,6.238603803073717,5.305201007206738,"1.0-2.0, 2.0-3.0"
96,96,32,16,0,5000000,10000,32.14339089393616,10,0.0012755584716796844,11678.49365855782,0.93512,True,0.9334027958669793,6.238603803073717,5.305201007206738,"1.0-2.0, 2.0-3.0"
96,96,32,32,0,5000000,10000,32.142483711242676,10,0.0013012981414794907,11602.09261959578,0.93613,True,0.9334027958669793,6.238603803073717,5.305201007206738,"1.0-2.0, 2.0-3.0"
96,96,32,64,0,5000000,10000,32.11861991882324,10,0.0014524579048156702,9578.954070386306,0.95681,True,0.9334027958669793,6.238603803073717,5.305201007206738,"1.0-2.0, 2.0-3.0"
96,96,64,1,0,5000000,10000,32.21746349334717,10,0.0014368748664855958,9690.779371645614,0.95376,True,0.9334027958669793,6.238603803073717,5.305201007206738,"1.0-2.0, 2.0-3.0"
96,96,64,2,0,5000000,10000,32.12038469314575,10,0.0013949251174926753,9680.634725069875,0.95324,True,0.9334027958669793,6.238603803073717,5.305201007206738,"1.0-2.0, 2.0-3.0"
96,96,64,4,0,5000000,10000,32.12359070777893,10,0.00139968395233155,9690.557850508685,0.95365,True,0.9334027958669793,6.238603803073717,5.305201007206738,"1.0-2.0, 2.0-3.0"
96,96,64,8,0,5000000,10000,32.095741987228394,10,0.0013952493667602531,9690.469840129066,0.95407,True,0.9334027958669793,6.238603803073717,5.305201007206738,"1.0-2.0, 2.0-3.0"
96,96,64,16,0,5000000,10000,32.10255026817322,10,0.0014127063751220694,9611.79083325397,0.95356,True,0.9334027958669793,6.238603803073717,5.305201007206738,"1.0-2.0, 2.0-3.0"
96,96,64,32,0,5000000,10000,32.10501313209534,10,0.0013422775268554683,9717.821475289185,0.95434,True,0.9334027958669793,6.238603803073717,5.305201007206738,"1.0-2.0, 2.0-3.0"
96,96,64,64,0,5000000,10000,32.15848636627197,10,0.001454830169677731,9551.217588835902,0.95698,True,0.9334027958669793,6.238603803073717,5.305201007206738,"1.0-2.0, 2.0-3.0"
96,96,128,1,0,5000000,10000,32.15743041038513,10,0.0020125150680541997,8880.205261045352,0.96477,True,0.9334027958669793,6.238603803073717,5.305201007206738,"1.0-2.0, 2.0-3.0"
96,96,128,2,0,5000000,10000,32.16227102279663,10,0.0020617890357971062,8877.090164391537,0.96503,True,0.9334027958669793,6.238603803073717,5.305201007206738,"1.0-2.0, 2.0-3.0"
96,96,128,4,0,5000000,10000,32.08067488670349,10,0.0020082354545593126,8891.653434493142,0.96472,True,0.9334027958669793,6.238603803073717,5.305201007206738,"1.0-2.0, 2.0-3.0"
96,96,128,8,0,5000000,10000,32.0987343788147,10,0.002043259143829339,8830.903172807382,0.96489,True,0.9334027958669793,6.238603803073717,5.305201007206738,"1.0-2.0, 2.0-3.0"
96,96,128,16,0,5000000,10000,32.11751055717468,10,0.0020653629302978477,8837.628518210822,0.96514,True,0.9334027958669793,6.238603803073717,5.305201007206738,"1.0-2.0, 2.0-3.0"
96,96,128,32,0,5000000,10000,32.107736110687256,10,0.002040600776672368,8823.935134621788,0.96496,True,0.9334027958669793,6.238603803073717,5.305201007206738,"1.0-2.0, 2.0-3.0"
96,96,128,64,0,5000000,10000,32.127801179885864,10,0.002021312713623039,8891.732775410706,0.96467,True,0.9334027958669793,6.238603803073717,5.305201007206738,"1.0-2.0, 2.0-3.0"
96,96,256,1,0,5000000,10000,32.14224910736084,10,0.0064174008369445755,7218.818890548686,0.9703,True,0.9334027958669793,6.238603803073717,5.305201007206738,"1.0-2.0, 2.0-3.0"
96,96,256,2,0,5000000,10000,32.12696814537048,10,0.006280529499053984,7214.292113718368,0.97058,True,0.9334027958669793,6.238603803073717,5.305201007206738,"1.0-2.0, 2.0-3.0"
96,96,256,4,0,5000000,10000,32.107176542282104,10,0.006265475749969473,7239.075095159676,0.97121,True,0.9334027958669793,6.238603803073717,5.305201007206738,"1.0-2.0, 2.0-3.0"
96,96,256,8,0,5000000,10000,32.127378940582275,10,0.005906505584716821,7217.324220756736,0.97052,True,0.9334027958669793,6.238603803073717,5.305201007206738,"1.0-2.0, 2.0-3.0"
96,96,256,16,0,5000000,10000,32.148446798324585,10,0.00620605945587158,7185.623229458862,0.97074,True,0.9334027958669793,6.238603803073717,5.305201007206738,"1.0-2.0, 2.0-3.0"
96,96,256,32,0,5000000,10000,32.17787027359009,10,0.006312334537506096,7231.823411263842,0.97094,True,0.9334027958669793,6.238603803073717,5.305201007206738,"1.0-2.0, 2.0-3.0"
96,96,256,64,0,5000000,10000,32.439335346221924,10,0.006249432563781755,7196.6672713146245,0.97044,True,0.9334027958669793,6.238603803073717,5.305201007206738,"1.0-2.0, 2.0-3.0"
96,96,512,1,0,5000000,10000,32.147869348526,10,0.01122017383575439,5314.037330556063,0.97312,True,0.9334027958669793,6.238603803073717,5.305201007206738,"1.0-2.0, 2.0-3.0"
96,96,512,2,0,5000000,10000,32.137410163879395,10,0.011003866195678709,5312.817698547134,0.97306,True,0.9334027958669793,6.238603803073717,5.305201007206738,"1.0-2.0, 2.0-3.0"
96,96,512,4,0,5000000,10000,32.10350680351257,10,0.01109172821044922,5310.353795684639,0.97334,True,0.9334027958669793,6.238603803073717,5.305201007206738,"1.0-2.0, 2.0-3.0"
96,96,512,8,0,5000000,10000,32.14265751838684,10,0.011033768653869628,5312.837953860535,0.97253,True,0.9334027958669793,6.238603803073717,5.305201007206738,"1.0-2.0, 2.0-3.0"
96,96,512,16,0,5000000,10000,32.1726553440094,10,0.011046123504638653,5294.925326979356,0.97319,True,0.9334027958669793,6.238603803073717,5.305201007206738,"1.0-2.0, 2.0-3.0"
96,96,512,32,0,5000000,10000,32.17661166191101,10,0.010805926322937002,5325.597072333524,0.97258,True,0.9334027958669793,6.238603803073717,5.305201007206738,"1.0-2.0, 2.0-3.0"
96,96,512,64,0,5000000,10000,32.154271364212036,10,0.011151587963104248,5304.508110133339,0.9733,True,0.9334027958669793,6.238603803073717,5.305201007206738,"1.0-2.0, 2.0-3.0"
128,32,32,1,0,5000000,10000,33.56350088119507,10,0.0011334419250488281,13588.840192293877,0.89697,True,0.9334027958669793,3.590344707823218,2.6569419119562383,"1.0-2.0, 2.0-3.0"
128,32,32,2,0,5000000,10000,33.53910970687866,10,0.00112245798110962,13678.09715504929,0.89694,True,0.9334027958669793,3.590344707823218,2.6569419119562383,"1.0-2.0, 2.0-3.0"
128,32,32,4,0,5000000,10000,33.56139659881592,10,0.001105537414550781,13702.214099890049,0.89703,True,0.9334027958669793,3.590344707823218,2.6569419119562383,"1.0-2.0, 2.0-3.0"
128,32,32,8,0,5000000,10000,33.55868411064148,10,0.0011695981025695791,13648.455680712399,0.89663,True,0.9334027958669793,3.590344707823218,2.6569419119562383,"1.0-2.0, 2.0-3.0"
128,32,32,16,0,5000000,10000,33.60294723510742,10,0.0011171960830688456,13632.706046872687,0.89666,True,0.9334027958669793,3.590344707823218,2.6569419119562383,"1.0-2.0, 2.0-3.0"
128,32,32,32,0,5000000,10000,33.565683364868164,10,0.001154747009277346,13612.12121413352,0.89763,True,0.9334027958669793,3.590344707823218,2.6569419119562383,"1.0-2.0, 2.0-3.0"
128,32,32,64,0,5000000,10000,33.588852405548096,10,0.0013617134094238278,11167.925859536777,0.92584,True,0.9334027958669793,3.590344707823218,2.6569419119562383,"1.0-2.0, 2.0-3.0"
128,32,64,1,0,5000000,10000,33.50947093963623,10,0.0012693881988525366,11284.449079165328,0.92039,True,0.9334027958669793,3.590344707823218,2.6569419119562383,"1.0-2.0, 2.0-3.0"
128,32,64,2,0,5000000,10000,33.601340532302856,10,0.0012977123260498064,11305.707078197838,0.92052,True,0.9334027958669793,3.590344707823218,2.6569419119562383,"1.0-2.0, 2.0-3.0"
128,32,64,4,0,5000000,10000,33.528913736343384,10,0.0013166952133178704,11246.121923067501,0.91995,True,0.9334027958669793,3.590344707823218,2.6569419119562383,"1.0-2.0, 2.0-3.0"
128,32,64,8,0,5000000,10000,33.54924464225769,10,0.0012750625610351554,11147.101607307073,0.92001,True,0.9334027958669793,3.590344707823218,2.6569419119562383,"1.0-2.0, 2.0-3.0"
128,32,64,16,0,5000000,10000,33.629902362823486,10,0.0012966871261596681,11186.19263952384,0.92013,True,0.9334027958669793,3.590344707823218,2.6569419119562383,"1.0-2.0, 2.0-3.0"
128,32,64,32,0,5000000,10000,33.512890577316284,10,0.0012895202636718783,11320.492258511054,0.9202,True,0.9334027958669793,3.590344707823218,2.6569419119562383,"1.0-2.0, 2.0-3.0"
128,32,64,64,0,5000000,10000,33.53739833831787,10,0.0013512325286865233,11084.887602885543,0.92614,True,0.9334027958669793,3.590344707823218,2.6569419119562383,"1.0-2.0, 2.0-3.0"
128,32,128,1,0,5000000,10000,33.54009389877319,10,0.0020323705673217654,10452.621370669627,0.94207,True,0.9334027958669793,3.590344707823218,2.6569419119562383,"1.0-2.0, 2.0-3.0"
128,32,128,2,0,5000000,10000,33.525471925735474,10,0.001979999542236318,10467.22054555124,0.94266,True,0.9334027958669793,3.590344707823218,2.6569419119562383,"1.0-2.0, 2.0-3.0"
128,32,128,4,0,5000000,10000,33.56496500968933,10,0.001979837417602528,10461.28099431652,0.94246,True,0.9334027958669793,3.590344707823218,2.6569419119562383,"1.0-2.0, 2.0-3.0"
128,32,128,8,0,5000000,10000,33.649014949798584,10,0.0020573997497558595,10367.446655864778,0.94223,True,0.9334027958669793,3.590344707823218,2.6569419119562383,"1.0-2.0, 2.0-3.0"
128,32,128,16,0,5000000,10000,33.509581565856934,10,0.001974389553070068,10381.498151339367,0.94306,True,0.9334027958669793,3.590344707823218,2.6569419119562383,"1.0-2.0, 2.0-3.0"
128,32,128,32,0,5000000,10000,33.536813497543335,10,0.0020438575744628814,10488.687178527169,0.94272,True,0.9334027958669793,3.590344707823218,2.6569419119562383,"1.0-2.0, 2.0-3.0"
128,32,128,64,0,5000000,10000,33.600602865219116,10,0.001984300613403321,10480.963844144402,0.94298,True,0.9334027958669793,3.590344707823218,2.6569419119562383,"1.0-2.0, 2.0-3.0"
128,32,256,1,0,5000000,10000,33.66121244430542,10,0.0033360052108764725,9840.321054510863,0.95919,True,0.9334027958669793,3.590344707823218,2.6569419119562383,"1.0-2.0, 2.0-3.0"
128,32,256,2,0,5000000,10000,33.50833463668823,10,0.0033510231971740734,9831.485986218308,0.95858,True,0.9334027958669793,3.590344707823218,2.6569419119562383,"1.0-2.0, 2.0-3.0"
128,32,256,4,0,5000000,10000,33.515531063079834,10,0.0033580541610717714,9833.049860439372,0.95899,True,0.9334027958669793,3.590344707823218,2.6569419119562383,"1.0-2.0, 2.0-3.0"
128,32,256,8,0,5000000,10000,33.61463904380798,10,0.003399028778076175,9753.567352724036,0.95865,True,0.9334027958669793,3.590344707823218,2.6569419119562383,"1.0-2.0, 2.0-3.0"
128,32,256,16,0,5000000,10000,33.56692171096802,10,0.003403072357177732,9720.518346302582,0.95808,True,0.9334027958669793,3.590344707823218,2.6569419119562383,"1.0-2.0, 2.0-3.0"
128,32,256,32,0,5000000,10000,33.560133934020996,10,0.003312826156616211,9759.188378424153,0.95859,True,0.9334027958669793,3.590344707823218,2.6569419119562383,"1.0-2.0, 2.0-3.0"
128,32,256,64,0,5000000,10000,33.52951240539551,10,0.0034961509704589857,9710.222372845112,0.95827,True,0.9334027958669793,3.590344707823218,2.6569419119562383,"1.0-2.0, 2.0-3.0"
128,32,512,1,0,5000000,10000,33.51466727256775,10,0.0033864235877990694,8955.637502589581,0.96857,True,0.9334027958669793,3.590344707823218,2.6569419119562383,"1.0-2.0, 2.0-3.0"
128,32,512,2,0,5000000,10000,33.79320764541626,10,0.0034357929229736246,8978.350334504124,0.96821,True,0.9334027958669793,3.590344707823218,2.6569419119562383,"1.0-2.0, 2.0-3.0"
128,32,512,4,0,5000000,10000,33.64841866493225,10,0.0035120391845703037,8942.689990745319,0.96848,True,0.9334027958669793,3.590344707823218,2.6569419119562383,"1.0-2.0, 2.0-3.0"
128,32,512,8,0,5000000,10000,33.55495762825012,10,0.003441343307495119,8950.803575809749,0.96862,True,0.9334027958669793,3.590344707823218,2.6569419119562383,"1.0-2.0, 2.0-3.0"
128,32,512,16,0,5000000,10000,33.5976300239563,10,0.0034192132949829096,9019.074284501716,0.96846,True,0.9334027958669793,3.590344707823218,2.6569419119562383,"1.0-2.0, 2.0-3.0"
128,32,512,32,0,5000000,10000,33.56789517402649,10,0.003470940589904785,9041.763307486433,0.96861,True,0.9334027958669793,3.590344707823218,2.6569419119562383,"1.0-2.0, 2.0-3.0"
128,32,512,64,0,5000000,10000,33.55431389808655,10,0.003426444530487057,8982.626674229883,0.96879,True,0.9334027958669793,3.590344707823218,2.6569419119562383,"1.0-2.0, 2.0-3.0"
128,64,32,1,0,5000000,10000,35.09658980369568,10,0.0012998509407043455,12337.724913329777,0.93829,True,0.9334027958669793,4.914474255448467,3.9810714595814876,"1.0-2.0, 2.0-3.0"
128,64,32,2,0,5000000,10000,35.18058896064758,10,0.0012983179092407216,12337.965347558667,0.93831,True,0.9334027958669793,4.914474255448467,3.9810714595814876,"1.0-2.0, 2.0-3.0"
128,64,32,4,0,5000000,10000,35.093045711517334,10,0.0013441634178161625,12315.139328181513,0.93777,True,0.9334027958669793,4.914474255448467,3.9810714595814876,"1.0-2.0, 2.0-3.0"
128,64,32,8,0,5000000,10000,35.06424045562744,10,0.0012956714630126959,12380.705681845286,0.93804,True,0.9334027958669793,4.914474255448467,3.9810714595814876,"1.0-2.0, 2.0-3.0"
128,64,32,16,0,5000000,10000,35.13353514671326,10,0.0013497972488403318,12479.083331297605,0.93851,True,0.9334027958669793,4.914474255448467,3.9810714595814876,"1.0-2.0, 2.0-3.0"
128,64,32,32,0,5000000,10000,35.090614318847656,10,0.0013395977020263668,12438.808445690136,0.93874,True,0.9334027958669793,4.914474255448467,3.9810714595814876,"1.0-2.0, 2.0-3.0"
128,64,32,64,0,5000000,10000,35.09873867034912,10,0.001589987277984619,10197.896066420193,0.95668,True,0.9334027958669793,4.914474255448467,3.9810714595814876,"1.0-2.0, 2.0-3.0"
128,64,64,1,0,5000000,10000,35.144795179367065,10,0.0014584636688232417,10335.822180249717,0.95492,True,0.9334027958669793,4.914474255448467,3.9810714595814876,"1.0-2.0, 2.0-3.0"
128,64,64,2,0,5000000,10000,35.06827521324158,10,0.0014676046371460026,10323.82528576805,0.95434,True,0.9334027958669793,4.914474255448467,3.9810714595814876,"1.0-2.0, 2.0-3.0"
128,64,64,4,0,5000000,10000,35.090245962142944,10,0.0014921665191650365,10327.507129362315,0.95384,True,0.9334027958669793,4.914474255448467,3.9810714595814876,"1.0-2.0, 2.0-3.0"
128,64,64,8,0,5000000,10000,35.113351583480835,10,0.0014829301834106425,10314.718172379133,0.95454,True,0.9334027958669793,4.914474255448467,3.9810714595814876,"1.0-2.0, 2.0-3.0"
128,64,64,16,0,5000000,10000,35.15120577812195,10,0.001512413024902343,10309.531274648314,0.95428,True,0.9334027958669793,4.914474255448467,3.9810714595814876,"1.0-2.0, 2.0-3.0"
128,64,64,32,0,5000000,10000,35.15079045295715,10,0.0014393925666809082,10344.298956650264,0.95361,True,0.9334027958669793,4.914474255448467,3.9810714595814876,"1.0-2.0, 2.0-3.0"
128,64,64,64,0,5000000,10000,35.15132260322571,10,0.0016144323348999037,10081.999149203999,0.95736,True,0.9334027958669793,4.914474255448467,3.9810714595814876,"1.0-2.0, 2.0-3.0"
128,64,128,1,0,5000000,10000,35.103962898254395,10,0.0023726487159729088,9425.08619442429,0.96432,True,0.9334027958669793,4.914474255448467,3.9810714595814876,"1.0-2.0, 2.0-3.0"
128,64,128,2,0,5000000,10000,35.128392696380615,10,0.0023180484771728556,9465.277334659937,0.96469,True,0.9334027958669793,4.914474255448467,3.9810714595814876,"1.0-2.0, 2.0-3.0"
128,64,128,4,0,5000000,10000,35.1396279335022,10,0.002232809066772458,9396.462000667701,0.96492,True,0.9334027958669793,4.914474255448467,3.9810714595814876,"1.0-2.0, 2.0-3.0"
128,64,128,8,0,5000000,10000,35.11452031135559,10,0.0022680044174194346,9461.924410468471,0.96451,True,0.9334027958669793,4.914474255448467,3.9810714595814876,"1.0-2.0, 2.0-3.0"
128,64,128,16,0,5000000,10000,35.12430143356323,10,0.002336592674255379,9429.56258421729,0.96428,True,0.9334027958669793,4.914474255448467,3.9810714595814876,"1.0-2.0, 2.0-3.0"
128,64,128,32,0,5000000,10000,35.12003684043884,10,0.0023051929473877197,9437.415567954646,0.96508,True,0.9334027958669793,4.914474255448467,3.9810714595814876,"1.0-2.0, 2.0-3.0"
128,64,128,64,0,5000000,10000,35.116711139678955,10,0.0022793531417846643,9408.571941169983,0.96475,True,0.9334027958669793,4.914474255448467,3.9810714595814876,"1.0-2.0, 2.0-3.0"
128,64,256,1,0,5000000,10000,35.114991903305054,10,0.0047138071060180645,8425.700732801099,0.97103,True,0.9334027958669793,4.914474255448467,3.9810714595814876,"1.0-2.0, 2.0-3.0"
128,64,256,2,0,5000000,10000,35.15524482727051,10,0.0046846675872802765,8422.51120597806,0.97121,True,0.9334027958669793,4.914474255448467,3.9810714595814876,"1.0-2.0, 2.0-3.0"
128,64,256,4,0,5000000,10000,35.082306146621704,10,0.004674682617187488,8498.870704925246,0.97151,True,0.9334027958669793,4.914474255448467,3.9810714595814876,"1.0-2.0, 2.0-3.0"
128,64,256,8,0,5000000,10000,35.13091707229614,10,0.004714126586914044,8496.395272808188,0.97159,True,0.9334027958669793,4.914474255448467,3.9810714595814876,"1.0-2.0, 2.0-3.0"
128,64,256,16,0,5000000,10000,35.10628056526184,10,0.004581477642059328,8542.518225511843,0.97117,True,0.9334027958669793,4.914474255448467,3.9810714595814876,"1.0-2.0, 2.0-3.0"
128,64,256,32,0,5000000,10000,35.13747453689575,10,0.004730887413024906,8511.070749372135,0.9708,True,0.9334027958669793,4.914474255448467,3.9810714595814876,"1.0-2.0, 2.0-3.0"
128,64,256,64,0,5000000,10000,35.119959115982056,10,0.004737529754638672,8508.421293375875,0.97091,True,0.9334027958669793,4.914474255448467,3.9810714595814876,"1.0-2.0, 2.0-3.0"
128,64,512,1,0,5000000,10000,35.10777711868286,10,0.00760589599609375,6041.253638736993,0.97351,True,0.9334027958669793,4.914474255448467,3.9810714595814876,"1.0-2.0, 2.0-3.0"
128,64,512,2,0,5000000,10000,35.12655067443848,10,0.00742173671722412,6095.392971543192,0.97396,True,0.9334027958669793,4.914474255448467,3.9810714595814876,"1.0-2.0, 2.0-3.0"
128,64,512,4,0,5000000,10000,35.163164377212524,10,0.007731437683105469,6078.412912169377,0.97379,True,0.9334027958669793,4.914474255448467,3.9810714595814876,"1.0-2.0, 2.0-3.0"
128,64,512,8,0,5000000,10000,35.10289907455444,10,0.007596549987792962,6046.963158705845,0.974,True,0.9334027958669793,4.914474255448467,3.9810714595814876,"1.0-2.0, 2.0-3.0"
128,64,512,16,0,5000000,10000,35.10838198661804,10,0.007664072513580317,6058.098312392396,0.9737,True,0.9334027958669793,4.914474255448467,3.9810714595814876,"1.0-2.0, 2.0-3.0"
128,64,512,32,0,5000000,10000,35.15972137451172,10,0.007631325721740722,6078.549542275671,0.97344,True,0.9334027958669793,4.914474255448467,3.9810714595814876,"1.0-2.0, 2.0-3.0"
128,64,512,64,0,5000000,10000,35.139450788497925,10,0.007639975547790518,6047.6735583307,0.97404,True,0.9334027958669793,4.914474255448467,3.9810714595814876,"1.0-2.0, 2.0-3.0"
128,96,32,1,0,5000000,10000,36.864784479141235,10,0.0014064311981201172,11536.844065017229,0.94491,True,0.9334027958669793,6.238603803073717,5.305201007206738,"1.0-2.0, 2.0-3.0"
128,96,32,2,0,5000000,10000,36.829960107803345,10,0.0014171600341796875,11578.300785590218,0.9447,True,0.9334027958669793,6.238603803073717,5.305201007206738,"1.0-2.0, 2.0-3.0"
128,96,32,4,0,5000000,10000,36.87458372116089,10,0.0013473892211914064,11618.964052545058,0.94493,True,0.9334027958669793,6.238603803073717,5.305201007206738,"1.0-2.0, 2.0-3.0"
128,96,32,8,0,5000000,10000,36.865256786346436,10,0.0013504600524902339,11570.308222803164,0.946,True,0.9334027958669793,6.238603803073717,5.305201007206738,"1.0-2.0, 2.0-3.0"
128,96,32,16,0,5000000,10000,36.87179207801819,10,0.0013427019119262714,11734.800412773802,0.94501,True,0.9334027958669793,6.238603803073717,5.305201007206738,"1.0-2.0, 2.0-3.0"
128,96,32,32,0,5000000,10000,36.88412833213806,10,0.0014217495918273926,11523.517377645592,0.94497,True,0.9334027958669793,6.238603803073717,5.305201007206738,"1.0-2.0, 2.0-3.0"
128,96,32,64,0,5000000,10000,36.80834674835205,10,0.0017249584197998047,9464.492762503256,0.96317,True,0.9334027958669793,6.238603803073717,5.305201007206738,"1.0-2.0, 2.0-3.0"
128,96,64,1,0,5000000,10000,36.8547477722168,10,0.001619100570678711,9517.652063399211,0.96138,True,0.9334027958669793,6.238603803073717,5.305201007206738,"1.0-2.0, 2.0-3.0"
128,96,64,2,0,5000000,10000,36.83982276916504,10,0.001575565338134766,9604.814624848343,0.96035,True,0.9334027958669793,6.238603803073717,5.305201007206738,"1.0-2.0, 2.0-3.0"
128,96,64,4,0,5000000,10000,36.9816472530365,10,0.0015833377838134766,9629.025379162393,0.96136,True,0.9334027958669793,6.238603803073717,5.305201007206738,"1.0-2.0, 2.0-3.0"
128,96,64,8,0,5000000,10000,36.89493489265442,10,0.0016397285461425756,9567.49258736816,0.96085,True,0.9334027958669793,6.238603803073717,5.305201007206738,"1.0-2.0, 2.0-3.0"
128,96,64,16,0,5000000,10000,36.889095067977905,10,0.0016214847564697266,9573.082719479075,0.96085,True,0.9334027958669793,6.238603803073717,5.305201007206738,"1.0-2.0, 2.0-3.0"
128,96,64,32,0,5000000,10000,36.84933876991272,10,0.0016341018676757795,9502.200619578449,0.96085,True,0.9334027958669793,6.238603803073717,5.305201007206738,"1.0-2.0, 2.0-3.0"
128,96,64,64,0,5000000,10000,36.866375207901,10,0.0017742514610290497,9458.418219347457,0.96298,True,0.9334027958669793,6.238603803073717,5.305201007206738,"1.0-2.0, 2.0-3.0"
128,96,128,1,0,5000000,10000,36.915098428726196,10,0.002553138732910153,8653.633809990924,0.96929,True,0.9334027958669793,6.238603803073717,5.305201007206738,"1.0-2.0, 2.0-3.0"
128,96,128,2,0,5000000,10000,36.874929904937744,10,0.0024694871902465783,8730.039819567248,0.96913,True,0.9334027958669793,6.238603803073717,5.305201007206738,"1.0-2.0, 2.0-3.0"
128,96,128,4,0,5000000,10000,36.838472843170166,10,0.0025047397613525268,8688.021672208477,0.96883,True,0.9334027958669793,6.238603803073717,5.305201007206738,"1.0-2.0, 2.0-3.0"
128,96,128,8,0,5000000,10000,36.86580228805542,10,0.0023630189895630024,8713.570620192573,0.96976,True,0.9334027958669793,6.238603803073717,5.305201007206738,"1.0-2.0, 2.0-3.0"
128,96,128,16,0,5000000,10000,36.863121032714844,10,0.0024911403656005977,8625.475386906573,0.96868,True,0.9334027958669793,6.238603803073717,5.305201007206738,"1.0-2.0, 2.0-3.0"
128,96,128,32,0,5000000,10000,36.897034883499146,10,0.0024364328384399404,8702.171657733212,0.96969,True,0.9334027958669793,6.238603803073717,5.305201007206738,"1.0-2.0, 2.0-3.0"
128,96,128,64,0,5000000,10000,36.86503005027771,10,0.0024250960350036617,8646.324295416847,0.96976,True,0.9334027958669793,6.238603803073717,5.305201007206738,"1.0-2.0, 2.0-3.0"
128,96,256,1,0,5000000,10000,37.081870794296265,10,0.005943031311035156,7149.970463709326,0.97303,True,0.9334027958669793,6.238603803073717,5.305201007206738,"1.0-2.0, 2.0-3.0"
128,96,256,2,0,5000000,10000,36.846516609191895,10,0.00583446264266968,7152.981068201136,0.97299,True,0.9334027958669793,6.238603803073717,5.305201007206738,"1.0-2.0, 2.0-3.0"
128,96,256,4,0,5000000,10000,36.961161851882935,10,0.005826544761657714,7122.450895631197,0.97282,True,0.9334027958669793,6.238603803073717,5.305201007206738,"1.0-2.0, 2.0-3.0"
128,96,256,8,0,5000000,10000,36.8845591545105,10,0.005922384262084961,7162.2132538945225,0.97297,True,0.9334027958669793,6.238603803073717,5.305201007206738,"1.0-2.0, 2.0-3.0"
128,96,256,16,0,5000000,10000,36.89920401573181,10,0.005980272293090819,7121.804912975312,0.97269,True,0.9334027958669793,6.238603803073717,5.305201007206738,"1.0-2.0, 2.0-3.0"
128,96,256,32,0,5000000,10000,36.85981345176697,10,0.005829880237579344,7167.374395835554,0.9727,True,0.9334027958669793,6.238603803073717,5.305201007206738,"1.0-2.0, 2.0-3.0"
128,96,256,64,0,5000000,10000,36.86603665351868,10,0.005894694328308103,7158.515802433164,0.97261,True,0.9334027958669793,6.238603803073717,5.305201007206738,"1.0-2.0, 2.0-3.0"
128,96,512,1,0,5000000,10000,36.935893058776855,10,0.009447507858276367,5131.786228532949,0.97432,True,0.9334027958669793,6.238603803073717,5.305201007206738,"1.0-2.0, 2.0-3.0"
128,96,512,2,0,5000000,10000,36.93524789810181,10,0.009448251724243165,5131.31012877451,0.97384,True,0.9334027958669793,6.238603803073717,5.305201007206738,"1.0-2.0, 2.0-3.0"
128,96,512,4,0,5000000,10000,36.949639081954956,10,0.009783577919006354,5094.252336988048,0.97394,True,0.9334027958669793,6.238603803073717,5.305201007206738,"1.0-2.0, 2.0-3.0"
128,96,512,8,0,5000000,10000,36.901426792144775,10,0.009404306411743165,5138.8013918404795,0.9741,True,0.9334027958669793,6.238603803073717,5.305201007206738,"1.0-2.0, 2.0-3.0"
128,96,512,16,0,5000000,10000,37.011244773864746,10,0.009659862518310545,5103.963823852489,0.97398,True,0.9334027958669793,6.238603803073717,5.305201007206738,"1.0-2.0, 2.0-3.0"
128,96,512,32,0,5000000,10000,36.84837746620178,10,0.009599599838256836,5130.516135747252,0.9743,True,0.9334027958669793,6.238603803073717,5.305201007206738,"1.0-2.0, 2.0-3.0"
128,96,512,64,0,5000000,10000,36.83807420730591,10,0.00960573434829712,5132.178129737571,0.9742,True,0.9334027958669793,6.238603803073717,5.305201007206738,"1.0-2.0, 2.0-3.0"
128,128,32,1,0,5000000,10000,39.39330339431763,10,0.0014523863792419434,10786.380505932777,0.94612,True,0.9334027958669793,7.5627333506989665,6.629330554831987,"1.0-2.0, 2.0-3.0"
128,128,32,2,0,5000000,10000,39.46736979484558,10,0.0014515161514282227,10862.153799460044,0.94582,True,0.9334027958669793,7.5627333506989665,6.629330554831987,"1.0-2.0, 2.0-3.0"
128,128,32,4,0,5000000,10000,39.44561219215393,10,0.0014523315429687475,10828.604427073291,0.94555,True,0.9334027958669793,7.5627333506989665,6.629330554831987,"1.0-2.0, 2.0-3.0"
128,128,32,8,0,5000000,10000,39.41417336463928,10,0.0014867663383483901,10875.151676145662,0.94551,True,0.9334027958669793,7.5627333506989665,6.629330554831987,"1.0-2.0, 2.0-3.0"
128,128,32,16,0,5000000,10000,39.44754123687744,10,0.0014893293380737263,10879.997821952878,0.94558,True,0.9334027958669793,7.5627333506989665,6.629330554831987,"1.0-2.0, 2.0-3.0"
128,128,32,32,0,5000000,10000,39.44503474235535,10,0.001478824615478512,10810.381388344445,0.94609,True,0.9334027958669793,7.5627333506989665,6.629330554831987,"1.0-2.0, 2.0-3.0"
128,128,32,64,0,5000000,10000,39.40983271598816,10,0.0018325138092041018,8767.878740306045,0.96543,True,0.9334027958669793,7.5627333506989665,6.629330554831987,"1.0-2.0, 2.0-3.0"
128,128,64,1,0,5000000,10000,39.408912897109985,10,0.0017570567131042474,8843.714008307377,0.96362,True,0.9334027958669793,7.5627333506989665,6.629330554831987,"1.0-2.0, 2.0-3.0"
128,128,64,2,0,5000000,10000,39.40759587287903,10,0.0017322516441345228,8820.973419278285,0.96279,True,0.9334027958669793,7.5627333506989665,6.629330554831987,"1.0-2.0, 2.0-3.0"
128,128,64,4,0,5000000,10000,39.43884038925171,10,0.001755628585815426,8810.090179234403,0.96347,True,0.9334027958669793,7.5627333506989665,6.629330554831987,"1.0-2.0, 2.0-3.0"
128,128,64,8,0,5000000,10000,39.41861534118652,10,0.0017514467239379897,8853.376313818688,0.96351,True,0.9334027958669793,7.5627333506989665,6.629330554831987,"1.0-2.0, 2.0-3.0"
128,128,64,16,0,5000000,10000,39.53139925003052,10,0.0017557907104492222,8814.527237258217,0.9632,True,0.9334027958669793,7.5627333506989665,6.629330554831987,"1.0-2.0, 2.0-3.0"
128,128,64,32,0,5000000,10000,39.44250202178955,10,0.0017375612258911126,8881.571019580198,0.96384,True,0.9334027958669793,7.5627333506989665,6.629330554831987,"1.0-2.0, 2.0-3.0"
128,128,64,64,0,5000000,10000,39.41693449020386,10,0.0019054603576660134,8700.714227196913,0.96618,True,0.9334027958669793,7.5627333506989665,6.629330554831987,"1.0-2.0, 2.0-3.0"
128,128,128,1,0,5000000,10000,39.4386887550354,10,0.002701783180236812,8053.009198240772,0.97083,True,0.9334027958669793,7.5627333506989665,6.629330554831987,"1.0-2.0, 2.0-3.0"
128,128,128,2,0,5000000,10000,39.50528621673584,10,0.00260343551635742,8013.006738874137,0.97076,True,0.9334027958669793,7.5627333506989665,6.629330554831987,"1.0-2.0, 2.0-3.0"
128,128,128,4,0,5000000,10000,39.532384395599365,10,0.002515523433685299,8016.538465909164,0.97078,True,0.9334027958669793,7.5627333506989665,6.629330554831987,"1.0-2.0, 2.0-3.0"
128,128,128,8,0,5000000,10000,39.43812298774719,10,0.0024746751785278387,8134.024510568091,0.97101,True,0.9334027958669793,7.5627333506989665,6.629330554831987,"1.0-2.0, 2.0-3.0"
128,128,128,16,0,5000000,10000,39.442753314971924,10,0.0026939773559570305,8038.986099352798,0.97081,True,0.9334027958669793,7.5627333506989665,6.629330554831987,"1.0-2.0, 2.0-3.0"
128,128,128,32,0,5000000,10000,39.510586738586426,10,0.0026878643035888657,8027.720724863487,0.9711,True,0.9334027958669793,7.5627333506989665,6.629330554831987,"1.0-2.0, 2.0-3.0"
128,128,128,64,0,5000000,10000,39.530160427093506,10,0.0025767254829406855,8023.263973254181,0.97063,True,0.9334027958669793,7.5627333506989665,6.629330554831987,"1.0-2.0, 2.0-3.0"
128,128,256,1,0,5000000,10000,39.47152614593506,10,0.006621229648590072,6469.5564600312955,0.97328,True,0.9334027958669793,7.5627333506989665,6.629330554831987,"1.0-2.0, 2.0-3.0"
128,128,256,2,0,5000000,10000,39.53718137741089,10,0.006705527305603013,6459.937495641138,0.97306,True,0.9334027958669793,7.5627333506989665,6.629330554831987,"1.0-2.0, 2.0-3.0"
128,128,256,4,0,5000000,10000,39.46012330055237,10,0.006822371482849121,6464.72131701677,0.9736,True,0.9334027958669793,7.5627333506989665,6.629330554831987,"1.0-2.0, 2.0-3.0"
128,128,256,8,0,5000000,10000,39.43036103248596,10,0.006504592895507812,6484.888171757815,0.97365,True,0.9334027958669793,7.5627333506989665,6.629330554831987,"1.0-2.0, 2.0-3.0"
128,128,256,16,0,5000000,10000,39.44318866729736,10,0.006650876998901371,6459.704125489022,0.9737,True,0.9334027958669793,7.5627333506989665,6.629330554831987,"1.0-2.0, 2.0-3.0"
128,128,256,32,0,5000000,10000,39.57529973983765,10,0.006681787967681887,6462.492349357275,0.97325,True,0.9334027958669793,7.5627333506989665,6.629330554831987,"1.0-2.0, 2.0-3.0"
128,128,256,64,0,5000000,10000,39.6563560962677,10,0.0068988037109375,6416.318936572306,0.97345,True,0.9334027958669793,7.5627333506989665,6.629330554831987,"1.0-2.0, 2.0-3.0"
128,128,512,1,0,5000000,10000,39.59981942176819,10,0.011317696571350094,4010.2484937952995,0.97399,True,0.9334027958669793,7.5627333506989665,6.629330554831987,"1.0-2.0, 2.0-3.0"
128,128,512,2,0,5000000,10000,39.510751485824585,10,0.010692667961120603,4012.58294549699,0.97402,True,0.9334027958669793,7.5627333506989665,6.629330554831987,"1.0-2.0, 2.0-3.0"
128,128,512,4,0,5000000,10000,39.64386439323425,10,0.01103757619857788,4034.621811956157,0.97447,True,0.9334027958669793,7.5627333506989665,6.629330554831987,"1.0-2.0, 2.0-3.0"
128,128,512,8,0,5000000,10000,39.546186208724976,10,0.010703754425048827,4037.8886379137357,0.97415,True,0.9334027958669793,7.5627333506989665,6.629330554831987,"1.0-2.0, 2.0-3.0"
128,128,512,16,0,5000000,10000,39.4652624130249,10,0.011135411262512185,4007.221471992342,0.97447,True,0.9334027958669793,7.5627333506989665,6.629330554831987,"1.0-2.0, 2.0-3.0"
128,128,512,32,0,5000000,10000,39.458696603775024,10,0.010837829113006596,4035.445561083637,0.97436,True,0.9334027958669793,7.5627333506989665,6.629330554831987,"1.0-2.0, 2.0-3.0"
128,128,512,64,0,5000000,10000,39.56152367591858,10,0.011160035133361819,4023.3648403814814,0.97437,True,0.9334027958669793,7.5627333506989665,6.629330554831987,"1.0-2.0, 2.0-3.0"
